ticket_id,created_at,department,title,description,resolution_notes,priority,status,pii_masked,ground_truth_category
SYN-0001,2026-07-09,HR,VPN disconnects every few minutes,VPN disconnects every few minutes on Windows 11. I already restarted the device once.,Updated the VPN client and re-created the connection profile.,High,Resolved,true,VPN
SYN-0002,2026-01-23,Finance,VPN tunnel is unstable from home network,VPN tunnel is unstable from home network on Windows 10. This started this morning.,,Low,Open,true,VPN
SYN-0003,2026-06-04,Sales,New employee account cannot access portal,New employee account cannot access portal on Windows 11. No recent hardware changes were made.,Unlocked the account and forced a secure password reset.,High,Resolved,true,Accounts / Passwords
SYN-0004,2026-04-25,Finance,Software setup cannot continue because admin rights are required,Software setup cannot continue because admin rights are required on Windows 11. No recent hardware changes were made.,Used the approved installer with administrator permission.,Medium,Resolved,true,Software Installation
SYN-0005,2026-02-09,IT,Blue screen appears after installing an update,Blue screen appears after installing an update on Windows 10. This started this morning.,Installed pending driver updates and repaired Windows update components.,Medium,Resolved,true,Windows / Updates
SYN-0006,2026-08-05,Sales,VPN authentication fails after Windows update,VPN authentication fails after Windows update on macOS. This started this morning.,Updated the VPN client and re-created the connection profile.,High,Resolved,true,VPN
SYN-0007,2026-02-01,Finance,RDP connection times out from home network,RDP connection times out from home network on macOS. No recent hardware changes were made.,,High,Open,true,Remote Desktop
SYN-0008,2026-02-19,Finance,Computer repeatedly restarts after Windows update,Computer repeatedly restarts after Windows update on Windows 11. It happens on my work laptop.,Installed pending driver updates and repaired Windows update components.,Low,Resolved,true,Windows / Updates
SYN-0009,2026-04-08,Operations,User account is locked after failed login attempts,User account is locked after failed login attempts on macOS. I already restarted the device once.,Unlocked the account and forced a secure password reset.,Medium,Resolved,true,Accounts / Passwords
SYN-0010,2026-06-21,Academic,Laptop is slow after Windows 11 update,Laptop is slow after Windows 11 update on Windows 10. The issue happens repeatedly.,Installed pending driver updates and repaired Windows update components.,High,Resolved,true,Windows / Updates
SYN-0011,2026-07-06,HR,Outlook profile fails to synchronize mail,Outlook profile fails to synchronize mail on Ubuntu. Please help because I need this for work.,Re-registered MFA and cleared cached Outlook credentials.,Medium,Resolved,true,Outlook / MFA
SYN-0012,2026-08-04,HR,Password expired and user cannot log in,Password expired and user cannot log in on Windows 10. It happens on my work laptop.,Unlocked the account and forced a secure password reset.,Medium,Resolved,true,Accounts / Passwords
SYN-0013,2026-02-24,HR,Printer is online but jobs stay in queue,Printer is online but jobs stay in queue on Ubuntu. Please help because I need this for work.,Cleared the print queue and reinstalled the approved printer driver.,High,Resolved,true,Printers
SYN-0014,2026-03-09,HR,RDP session disconnects after login,RDP session disconnects after login on macOS. No recent hardware changes were made.,Enabled the approved RDP rule and verified the device was reachable.,High,Resolved,true,Remote Desktop
SYN-0015,2026-04-13,HR,Setup wizard reports missing dependency,Setup wizard reports missing dependency on Windows 11. The issue happens repeatedly.,Used the approved installer with administrator permission.,Medium,Resolved,true,Software Installation
SYN-0016,2026-08-09,HR,VPN disconnects every few minutes,VPN disconnects every few minutes on Windows 11. No recent hardware changes were made.,Updated the VPN client and re-created the connection profile.,Medium,Resolved,true,VPN
SYN-0017,2026-04-08,Sales,Company VPN connects then immediately disconnects,Company VPN connects then immediately disconnects on macOS. The issue happens repeatedly.,,Low,Open,true,VPN
SYN-0018,2026-07-12,Academic,VPN tunnel is unstable from home network,VPN tunnel is unstable from home network on macOS. This started this morning.,Updated the VPN client and re-created the connection profile.,Medium,Resolved,true,VPN
SYN-0019,2026-04-27,Academic,Software setup cannot continue because admin rights are required,Software setup cannot continue because admin rights are required on macOS. The issue happens repeatedly.,Used the approved installer with administrator permission.,Low,Resolved,true,Software Installation
SYN-0020,2026-08-04,HR,VPN authentication fails after Windows update,VPN authentication fails after Windows update on macOS. I already restarted the device once.,Updated the VPN client and re-created the connection profile.,High,Resolved,true,VPN
SYN-0021,2026-03-24,Finance,Wi-Fi connected but browser says no internet,Wi-Fi connected but browser says no internet on Windows 10. It happens on my work laptop.,,Medium,Open,true,Wi-Fi / DNS
SYN-0022,2026-03-03,Finance,User account is locked after failed login attempts,User account is locked after failed login attempts on Ubuntu. This started this morning.,Unlocked the account and forced a secure password reset.,High,Resolved,true,Accounts / Passwords
SYN-0023,2026-06-18,Sales,MFA approval never arrives on phone,MFA approval never arrives on phone on Windows 11. It happens on my work laptop.,,High,Open,true,Outlook / MFA
SYN-0024,2026-08-26,Academic,Software setup cannot continue because admin rights are required,Software setup cannot continue because admin rights are required on macOS. Please help because I need this for work.,Used the approved installer with administrator permission.,High,Resolved,true,Software Installation
SYN-0025,2026-08-19,Finance,Windows driver error after restart,Windows driver error after restart on Windows 11. I already restarted the device once.,,Low,Open,true,Windows / Updates
SYN-0026,2026-05-31,Sales,Windows update failed and rolled back,Windows update failed and rolled back on Windows 11. This started this morning.,Installed pending driver updates and repaired Windows update components.,Low,Resolved,true,Windows / Updates
SYN-0027,2026-01-18,IT,Wireless icon shows connected but websites do not load,Wireless icon shows connected but websites do not load on Windows 10. The issue happens repeatedly.,Restarted the network adapter and flushed the DNS cache.,Low,Resolved,true,Wi-Fi / DNS
SYN-0028,2026-02-24,Academic,Print queue is stuck and cannot be cleared,Print queue is stuck and cannot be cleared on Ubuntu. I already restarted the device once.,Cleared the print queue and reinstalled the approved printer driver.,Medium,Resolved,true,Printers
SYN-0029,2026-01-25,Academic,Software setup cannot continue because admin rights are required,Software setup cannot continue because admin rights are required on Ubuntu. It happens on my work laptop.,Used the approved installer with administrator permission.,Medium,Resolved,true,Software Installation
SYN-0030,2026-08-10,Academic,Approved software cannot be installed on laptop,Approved software cannot be installed on laptop on Windows 10. This started this morning.,Used the approved installer with administrator permission.,Medium,Resolved,true,Software Installation
SYN-0031,2026-03-05,HR,Windows update failed and rolled back,Windows update failed and rolled back on Ubuntu. I already restarted the device once.,Installed pending driver updates and repaired Windows update components.,Medium,Resolved,true,Windows / Updates
SYN-0032,2026-04-29,Finance,Outlook cannot send email after password change,Outlook cannot send email after password change on Ubuntu. The issue happens repeatedly.,Re-registered MFA and cleared cached Outlook credentials.,Low,Resolved,true,Outlook / MFA
SYN-0033,2026-08-03,Finance,Wi-Fi connected but browser says no internet,Wi-Fi connected but browser says no internet on Windows 11. I already restarted the device once.,Restarted the network adapter and flushed the DNS cache.,Medium,Resolved,true,Wi-Fi / DNS
SYN-0034,2026-02-24,Finance,Remote Desktop shows credential error,Remote Desktop shows credential error on Windows 11. Please help because I need this for work.,,Low,Open,true,Remote Desktop
SYN-0035,2026-08-26,IT,Installer stops before completion,Installer stops before completion on Ubuntu. No recent hardware changes were made.,,High,Open,true,Software Installation
SYN-0036,2026-02-18,HR,RDP session disconnects after login,RDP session disconnects after login on Windows 10. The issue happens repeatedly.,Enabled the approved RDP rule and verified the device was reachable.,High,Resolved,true,Remote Desktop
SYN-0037,2026-01-15,Sales,Internet unavailable although Wi-Fi is connected,Internet unavailable although Wi-Fi is connected on Ubuntu. The issue happens repeatedly.,Restarted the network adapter and flushed the DNS cache.,High,Resolved,true,Wi-Fi / DNS
SYN-0038,2026-05-11,HR,Outlook keeps asking for password,Outlook keeps asking for password on Windows 10. The issue happens repeatedly.,Re-registered MFA and cleared cached Outlook credentials.,Low,Resolved,true,Outlook / MFA
SYN-0039,2026-01-31,Sales,Account says credentials are invalid,Account says credentials are invalid on Windows 10. The issue happens repeatedly.,Unlocked the account and forced a secure password reset.,Low,Resolved,true,Accounts / Passwords
SYN-0040,2026-05-25,IT,Setup wizard reports missing dependency,Setup wizard reports missing dependency on Windows 11. No recent hardware changes were made.,Used the approved installer with administrator permission.,High,Resolved,true,Software Installation
SYN-0041,2026-03-09,Operations,Laptop suddenly shows blue screen error 0x00000124,Laptop suddenly shows blue screen error 0x00000124 on Windows 11. No recent hardware changes were made.,,High,Open,true,Windows / Updates
SYN-0042,2026-03-22,Finance,Print queue is stuck and cannot be cleared,Print queue is stuck and cannot be cleared on Ubuntu. The issue happens repeatedly.,Cleared the print queue and reinstalled the approved printer driver.,High,Resolved,true,Printers
SYN-0043,2026-05-18,Sales,VPN disconnects every few minutes,VPN disconnects every few minutes on macOS. I already restarted the device once.,Updated the VPN client and re-created the connection profile.,Medium,Resolved,true,VPN
SYN-0044,2026-04-05,HR,Remote access VPN drops after login,Remote access VPN drops after login on Ubuntu. The issue happens repeatedly.,Updated the VPN client and re-created the connection profile.,High,Resolved,true,VPN
SYN-0045,2026-07-26,Academic,Printer shows offline although it is powered on,Printer shows offline although it is powered on on macOS. No recent hardware changes were made.,Cleared the print queue and reinstalled the approved printer driver.,Low,Resolved,true,Printers
SYN-0046,2026-01-30,Academic,Outlook cannot send email after password change,Outlook cannot send email after password change on Windows 11. It happens on my work laptop.,Re-registered MFA and cleared cached Outlook credentials.,Medium,Resolved,true,Outlook / MFA
SYN-0047,2026-02-22,Sales,Password expired and user cannot log in,Password expired and user cannot log in on Ubuntu. It happens on my work laptop.,Unlocked the account and forced a secure password reset.,Low,Resolved,true,Accounts / Passwords
SYN-0048,2026-08-01,Finance,Company VPN connects then immediately disconnects,Company VPN connects then immediately disconnects on Windows 10. It happens on my work laptop.,Updated the VPN client and re-created the connection profile.,Low,Resolved,true,VPN
SYN-0049,2026-07-09,Sales,Office printer prints blank pages,Office printer prints blank pages on Ubuntu. The issue happens repeatedly.,,Low,Open,true,Printers
SYN-0050,2026-08-15,Sales,VPN disconnects every few minutes,VPN disconnects every few minutes on Windows 10. It happens on my work laptop.,Updated the VPN client and re-created the connection profile.,High,Resolved,true,VPN
SYN-0051,2026-02-02,IT,Authenticator code is rejected,Authenticator code is rejected on macOS. This started this morning.,Re-registered MFA and cleared cached Outlook credentials.,Medium,Resolved,true,Outlook / MFA
SYN-0052,2026-06-20,IT,Cannot sign in after password reset,Cannot sign in after password reset on Ubuntu. The issue happens repeatedly.,Unlocked the account and forced a secure password reset.,High,Resolved,true,Accounts / Passwords
SYN-0053,2026-08-10,HR,MFA approval never arrives on phone,MFA approval never arrives on phone on Ubuntu. This started this morning.,Re-registered MFA and cleared cached Outlook credentials.,Low,Resolved,true,Outlook / MFA
SYN-0054,2026-07-25,IT,Windows driver error after restart,Windows driver error after restart on Windows 11. No recent hardware changes were made.,Installed pending driver updates and repaired Windows update components.,Low,Resolved,true,Windows / Updates
SYN-0055,2026-08-08,HR,Application installation fails with permission error,Application installation fails with permission error on Windows 11. Please help because I need this for work.,,Medium,Open,true,Software Installation
SYN-0056,2026-02-27,Academic,Office printer prints blank pages,Office printer prints blank pages on Windows 11. Please help because I need this for work.,Cleared the print queue and reinstalled the approved printer driver.,Medium,Resolved,true,Printers
SYN-0057,2026-07-17,IT,Printer is online but jobs stay in queue,Printer is online but jobs stay in queue on Ubuntu. No recent hardware changes were made.,Cleared the print queue and reinstalled the approved printer driver.,High,Resolved,true,Printers
SYN-0058,2026-01-30,HR,Windows update failed and rolled back,Windows update failed and rolled back on macOS. This started this morning.,Installed pending driver updates and repaired Windows update components.,Low,Resolved,true,Windows / Updates
SYN-0059,2026-07-06,Operations,Installer stops before completion,Installer stops before completion on Windows 10. Please help because I need this for work.,Used the approved installer with administrator permission.,High,Resolved,true,Software Installation
SYN-0060,2026-01-12,Finance,Password expired and user cannot log in,Password expired and user cannot log in on Windows 11. It happens on my work laptop.,,Medium,Open,true,Accounts / Passwords
SYN-0061,2026-06-09,Academic,VPN authentication fails after Windows update,VPN authentication fails after Windows update on Windows 10. No recent hardware changes were made.,Updated the VPN client and re-created the connection profile.,Medium,Resolved,true,VPN
SYN-0062,2026-03-25,Academic,Print queue is stuck and cannot be cleared,Print queue is stuck and cannot be cleared on macOS. The issue happens repeatedly.,,Low,Open,true,Printers
SYN-0063,2026-06-20,Academic,Account says credentials are invalid,Account says credentials are invalid on Windows 11. The issue happens repeatedly.,,High,Open,true,Accounts / Passwords
SYN-0064,2026-05-21,IT,Print queue is stuck and cannot be cleared,Print queue is stuck and cannot be cleared on macOS. I already restarted the device once.,Cleared the print queue and reinstalled the approved printer driver.,Medium,Resolved,true,Printers
SYN-0065,2026-04-24,Academic,Windows driver error after restart,Windows driver error after restart on Windows 11. The issue happens repeatedly.,,Medium,Open,true,Windows / Updates
SYN-0066,2026-03-14,Finance,Outlook keeps asking for password,Outlook keeps asking for password on Windows 11. No recent hardware changes were made.,Re-registered MFA and cleared cached Outlook credentials.,Medium,Resolved,true,Outlook / MFA
SYN-0067,2026-02-07,Finance,Cannot sign in after password reset,Cannot sign in after password reset on Windows 11. Please help because I need this for work.,Unlocked the account and forced a secure password reset.,High,Resolved,true,Accounts / Passwords
SYN-0068,2026-04-17,Academic,Company VPN connects then immediately disconnects,Company VPN connects then immediately disconnects on Ubuntu. Please help because I need this for work.,Updated the VPN client and re-created the connection profile.,Medium,Resolved,true,VPN
SYN-0069,2026-06-17,Finance,Cannot sign in after password reset,Cannot sign in after password reset on Ubuntu. I already restarted the device once.,Unlocked the account and forced a secure password reset.,Low,Resolved,true,Accounts / Passwords
SYN-0070,2026-05-23,Finance,Remote Desktop cannot connect to office PC,Remote Desktop cannot connect to office PC on Ubuntu. I already restarted the device once.,Enabled the approved RDP rule and verified the device was reachable.,Medium,Resolved,true,Remote Desktop
SYN-0071,2026-06-06,Sales,Windows driver error after restart,Windows driver error after restart on Ubuntu. I already restarted the device once.,,High,Open,true,Windows / Updates
SYN-0072,2026-03-08,Academic,Remote Desktop shows credential error,Remote Desktop shows credential error on macOS. The issue happens repeatedly.,Enabled the approved RDP rule and verified the device was reachable.,Medium,Resolved,true,Remote Desktop
SYN-0073,2026-04-23,Academic,Password expired and user cannot log in,Password expired and user cannot log in on macOS. I already restarted the device once.,Unlocked the account and forced a secure password reset.,Medium,Resolved,true,Accounts / Passwords
SYN-0074,2026-08-17,HR,Blue screen appears after installing an update,Blue screen appears after installing an update on Windows 11. I already restarted the device once.,Installed pending driver updates and repaired Windows update components.,Medium,Resolved,true,Windows / Updates
SYN-0075,2026-01-17,Operations,MFA approval never arrives on phone,MFA approval never arrives on phone on macOS. The issue happens repeatedly.,,Medium,Open,true,Outlook / MFA
SYN-0076,2026-02-22,Operations,Application installation fails with permission error,Application installation fails with permission error on Windows 10. The issue happens repeatedly.,,Medium,Open,true,Software Installation
SYN-0077,2026-04-01,Operations,Remote Desktop cannot connect to office PC,Remote Desktop cannot connect to office PC on Ubuntu. The issue happens repeatedly.,Enabled the approved RDP rule and verified the device was reachable.,High,Resolved,true,Remote Desktop
SYN-0078,2026-02-26,Operations,Account says credentials are invalid,Account says credentials are invalid on Ubuntu. This started this morning.,Unlocked the account and forced a secure password reset.,Medium,Resolved,true,Accounts / Passwords
SYN-0079,2026-07-05,Operations,Windows driver error after restart,Windows driver error after restart on Windows 11. The issue happens repeatedly.,Installed pending driver updates and repaired Windows update components.,High,Resolved,true,Windows / Updates
SYN-0080,2026-06-01,Finance,DNS error while connected to office Wi-Fi,DNS error while connected to office Wi-Fi on Ubuntu. I already restarted the device once.,Restarted the network adapter and flushed the DNS cache.,Medium,Resolved,true,Wi-Fi / DNS
SYN-0081,2026-03-08,IT,Outlook keeps asking for password,Outlook keeps asking for password on Windows 11. Please help because I need this for work.,,Medium,Open,true,Outlook / MFA
SYN-0082,2026-03-13,Operations,Laptop suddenly shows blue screen error 0x00000124,Laptop suddenly shows blue screen error 0x00000124 on macOS. This started this morning.,,Medium,Open,true,Windows / Updates
SYN-0083,2026-01-14,HR,Wi-Fi connected but browser says no internet,Wi-Fi connected but browser says no internet on Windows 10. No recent hardware changes were made.,Restarted the network adapter and flushed the DNS cache.,Low,Resolved,true,Wi-Fi / DNS
SYN-0084,2026-02-21,Sales,Wireless icon shows connected but websites do not load,Wireless icon shows connected but websites do not load on Windows 11. I already restarted the device once.,Restarted the network adapter and flushed the DNS cache.,Low,Resolved,true,Wi-Fi / DNS
SYN-0085,2026-05-25,Operations,Remote Desktop cannot connect to office PC,Remote Desktop cannot connect to office PC on macOS. It happens on my work laptop.,Enabled the approved RDP rule and verified the device was reachable.,Low,Resolved,true,Remote Desktop
SYN-0086,2026-03-21,Sales,Remote access VPN drops after login,Remote access VPN drops after login on Windows 10. It happens on my work laptop.,Updated the VPN client and re-created the connection profile.,High,Resolved,true,VPN
SYN-0087,2026-07-03,Finance,Approved software cannot be installed on laptop,Approved software cannot be installed on laptop on Windows 11. This started this morning.,Used the approved installer with administrator permission.,High,Resolved,true,Software Installation
SYN-0088,2026-07-26,Sales,Printer shows offline although it is powered on,Printer shows offline although it is powered on on Windows 10. It happens on my work laptop.,Cleared the print queue and reinstalled the approved printer driver.,High,Resolved,true,Printers
SYN-0089,2026-01-18,Finance,Installer stops before completion,Installer stops before completion on Ubuntu. Please help because I need this for work.,Used the approved installer with administrator permission.,Low,Resolved,true,Software Installation
SYN-0090,2026-06-12,Academic,Installer stops before completion,Installer stops before completion on Windows 11. Please help because I need this for work.,,Low,Open,true,Software Installation
SYN-0091,2026-07-26,Operations,Printer shows offline although it is powered on,Printer shows offline although it is powered on on Ubuntu. No recent hardware changes were made.,,High,Open,true,Printers
SYN-0092,2026-08-07,Finance,Windows cannot find network printer,Windows cannot find network printer on macOS. Please help because I need this for work.,Cleared the print queue and reinstalled the approved printer driver.,Low,Resolved,true,Printers
SYN-0093,2026-06-06,IT,RDP connection times out from home network,RDP connection times out from home network on Windows 10. Please help because I need this for work.,,Medium,Open,true,Remote Desktop
SYN-0094,2026-02-24,IT,Authenticator code is rejected,Authenticator code is rejected on macOS. It happens on my work laptop.,Re-registered MFA and cleared cached Outlook credentials.,High,Resolved,true,Outlook / MFA
SYN-0095,2026-01-03,Finance,Printer shows offline although it is powered on,Printer shows offline although it is powered on on Windows 11. No recent hardware changes were made.,Cleared the print queue and reinstalled the approved printer driver.,Medium,Resolved,true,Printers
SYN-0096,2026-07-14,Academic,RDP connection times out from home network,RDP connection times out from home network on Ubuntu. No recent hardware changes were made.,Enabled the approved RDP rule and verified the device was reachable.,High,Resolved,true,Remote Desktop
SYN-0097,2026-07-22,Finance,Remote Desktop shows credential error,Remote Desktop shows credential error on macOS. I already restarted the device once.,Enabled the approved RDP rule and verified the device was reachable.,Medium,Resolved,true,Remote Desktop
SYN-0098,2026-06-19,Operations,Password expired and user cannot log in,Password expired and user cannot log in on macOS. Please help because I need this for work.,Unlocked the account and forced a secure password reset.,High,Resolved,true,Accounts / Passwords
SYN-0099,2026-06-29,IT,Blue screen appears after installing an update,Blue screen appears after installing an update on macOS. It happens on my work laptop.,,Low,Open,true,Windows / Updates
SYN-0100,2026-03-22,Academic,Remote access VPN drops after login,Remote access VPN drops after login on Windows 11. I already restarted the device once.,Updated the VPN client and re-created the connection profile.,Low,Resolved,true,VPN
SYN-0101,2026-07-05,Finance,Remote computer is unavailable through RDP,Remote computer is unavailable through RDP on Windows 11. It happens on my work laptop.,Enabled the approved RDP rule and verified the device was reachable.,Low,Resolved,true,Remote Desktop
SYN-0102,2026-03-19,Academic,Laptop is slow after Windows 11 update,Laptop is slow after Windows 11 update on Windows 11. It happens on my work laptop.,Installed pending driver updates and repaired Windows update components.,Low,Resolved,true,Windows / Updates
SYN-0103,2026-03-16,Academic,Wi-Fi connected but browser says no internet,Wi-Fi connected but browser says no internet on Ubuntu. This started this morning.,Restarted the network adapter and flushed the DNS cache.,Low,Resolved,true,Wi-Fi / DNS
SYN-0104,2026-05-03,IT,Print queue is stuck and cannot be cleared,Print queue is stuck and cannot be cleared on Windows 11. This started this morning.,,Medium,Open,true,Printers
SYN-0105,2026-07-30,Operations,Remote Desktop cannot connect to office PC,Remote Desktop cannot connect to office PC on Ubuntu. This started this morning.,Enabled the approved RDP rule and verified the device was reachable.,High,Resolved,true,Remote Desktop
SYN-0106,2026-02-08,Finance,Wireless icon shows connected but websites do not load,Wireless icon shows connected but websites do not load on Windows 11. This started this morning.,Restarted the network adapter and flushed the DNS cache.,High,Resolved,true,Wi-Fi / DNS
SYN-0107,2026-06-02,Sales,Setup wizard reports missing dependency,Setup wizard reports missing dependency on Ubuntu. Please help because I need this for work.,Used the approved installer with administrator permission.,Medium,Resolved,true,Software Installation
SYN-0108,2026-04-20,Sales,Printer shows offline although it is powered on,Printer shows offline although it is powered on on Windows 10. The issue happens repeatedly.,Cleared the print queue and reinstalled the approved printer driver.,High,Resolved,true,Printers
SYN-0109,2026-06-10,IT,Remote access VPN drops after login,Remote access VPN drops after login on Windows 10. I already restarted the device once.,Updated the VPN client and re-created the connection profile.,Low,Resolved,true,VPN
SYN-0110,2026-01-20,Finance,Outlook profile fails to synchronize mail,Outlook profile fails to synchronize mail on Ubuntu. Please help because I need this for work.,Re-registered MFA and cleared cached Outlook credentials.,High,Resolved,true,Outlook / MFA
SYN-0111,2026-01-09,IT,Remote computer is unavailable through RDP,Remote computer is unavailable through RDP on macOS. No recent hardware changes were made.,Enabled the approved RDP rule and verified the device was reachable.,Medium,Resolved,true,Remote Desktop
SYN-0112,2026-08-25,Academic,Remote access VPN drops after login,Remote access VPN drops after login on Windows 11. Please help because I need this for work.,Updated the VPN client and re-created the connection profile.,Low,Resolved,true,VPN
SYN-0113,2026-08-21,HR,Cannot sign in after password reset,Cannot sign in after password reset on Windows 10. This started this morning.,Unlocked the account and forced a secure password reset.,Low,Resolved,true,Accounts / Passwords
SYN-0114,2026-07-11,Operations,Printer shows offline although it is powered on,Printer shows offline although it is powered on on Windows 10. Please help because I need this for work.,Cleared the print queue and reinstalled the approved printer driver.,High,Resolved,true,Printers
SYN-0115,2026-03-11,Operations,Print queue is stuck and cannot be cleared,Print queue is stuck and cannot be cleared on Windows 10. The issue happens repeatedly.,,Low,Open,true,Printers
SYN-0116,2026-06-04,Finance,Installer stops before completion,Installer stops before completion on Windows 10. I already restarted the device once.,Used the approved installer with administrator permission.,High,Resolved,true,Software Installation
SYN-0117,2026-05-28,HR,Internet unavailable although Wi-Fi is connected,Internet unavailable although Wi-Fi is connected on Ubuntu. The issue happens repeatedly.,Restarted the network adapter and flushed the DNS cache.,High,Resolved,true,Wi-Fi / DNS
SYN-0118,2026-02-16,Academic,Remote computer is unavailable through RDP,Remote computer is unavailable through RDP on Ubuntu. This started this morning.,,Medium,Open,true,Remote Desktop
SYN-0119,2026-03-27,Academic,Windows driver error after restart,Windows driver error after restart on Windows 10. I already restarted the device once.,Installed pending driver updates and repaired Windows update components.,Medium,Resolved,true,Windows / Updates
SYN-0120,2026-03-15,Sales,Approved software cannot be installed on laptop,Approved software cannot be installed on laptop on Windows 10. Please help because I need this for work.,,Low,Open,true,Software Installation
SYN-0121,2026-03-24,Operations,Blue screen appears after installing an update,Blue screen appears after installing an update on Windows 10. No recent hardware changes were made.,Installed pending driver updates and repaired Windows update components.,High,Resolved,true,Windows / Updates
SYN-0122,2026-01-14,Sales,Remote Desktop shows credential error,Remote Desktop shows credential error on macOS. The issue happens repeatedly.,Enabled the approved RDP rule and verified the device was reachable.,Medium,Resolved,true,Remote Desktop
SYN-0123,2026-02-22,Sales,Remote Desktop cannot connect to office PC,Remote Desktop cannot connect to office PC on Windows 11. It happens on my work laptop.,Enabled the approved RDP rule and verified the device was reachable.,Medium,Resolved,true,Remote Desktop
SYN-0124,2026-01-08,Academic,Remote Desktop cannot connect to office PC,Remote Desktop cannot connect to office PC on Windows 11. It happens on my work laptop.,Enabled the approved RDP rule and verified the device was reachable.,High,Resolved,true,Remote Desktop
SYN-0125,2026-04-15,HR,Wi-Fi connected but browser says no internet,Wi-Fi connected but browser says no internet on Windows 10. Please help because I need this for work.,Restarted the network adapter and flushed the DNS cache.,Low,Resolved,true,Wi-Fi / DNS
SYN-0126,2026-08-27,Sales,Authenticator code is rejected,Authenticator code is rejected on macOS. Please help because I need this for work.,Re-registered MFA and cleared cached Outlook credentials.,Medium,Resolved,true,Outlook / MFA
SYN-0127,2026-04-27,Operations,RDP session disconnects after login,RDP session disconnects after login on Windows 11. The issue happens repeatedly.,Enabled the approved RDP rule and verified the device was reachable.,High,Resolved,true,Remote Desktop
SYN-0128,2026-03-12,IT,Outlook keeps asking for password,Outlook keeps asking for password on macOS. This started this morning.,,Medium,Open,true,Outlook / MFA
SYN-0129,2026-05-29,HR,Printer shows offline although it is powered on,Printer shows offline although it is powered on on Ubuntu. The issue happens repeatedly.,,Medium,Open,true,Printers
SYN-0130,2026-05-22,Operations,Blue screen appears after installing an update,Blue screen appears after installing an update on macOS. I already restarted the device once.,,High,Open,true,Windows / Updates
SYN-0131,2026-04-09,Operations,New employee account cannot access portal,New employee account cannot access portal on Windows 10. It happens on my work laptop.,Unlocked the account and forced a secure password reset.,High,Resolved,true,Accounts / Passwords
SYN-0132,2026-04-09,Operations,Remote Desktop shows credential error,Remote Desktop shows credential error on Windows 10. I already restarted the device once.,Enabled the approved RDP rule and verified the device was reachable.,High,Resolved,true,Remote Desktop
SYN-0133,2026-08-12,Finance,Windows update failed and rolled back,Windows update failed and rolled back on Ubuntu. This started this morning.,,High,Open,true,Windows / Updates
SYN-0134,2026-08-11,Finance,Authenticator code is rejected,Authenticator code is rejected on Ubuntu. It happens on my work laptop.,Re-registered MFA and cleared cached Outlook credentials.,Medium,Resolved,true,Outlook / MFA
SYN-0135,2026-08-07,Academic,Application installation fails with permission error,Application installation fails with permission error on Ubuntu. It happens on my work laptop.,Used the approved installer with administrator permission.,High,Resolved,true,Software Installation
SYN-0136,2026-01-10,HR,RDP connection times out from home network,RDP connection times out from home network on macOS. I already restarted the device once.,Enabled the approved RDP rule and verified the device was reachable.,High,Resolved,true,Remote Desktop
SYN-0137,2026-01-26,Operations,Company VPN connects then immediately disconnects,Company VPN connects then immediately disconnects on Windows 11. No recent hardware changes were made.,Updated the VPN client and re-created the connection profile.,Medium,Resolved,true,VPN
SYN-0138,2026-03-25,IT,Laptop connected to Wi-Fi but no internet access,Laptop connected to Wi-Fi but no internet access on macOS. It happens on my work laptop.,Restarted the network adapter and flushed the DNS cache.,Medium,Resolved,true,Wi-Fi / DNS
SYN-0139,2026-05-16,Sales,MFA approval never arrives on phone,MFA approval never arrives on phone on Windows 11. I already restarted the device once.,,Low,Open,true,Outlook / MFA
SYN-0140,2026-08-11,Sales,VPN tunnel is unstable from home network,VPN tunnel is unstable from home network on Windows 11. Please help because I need this for work.,,High,Open,true,VPN
SYN-0141,2026-04-29,Operations,MFA approval never arrives on phone,MFA approval never arrives on phone on macOS. No recent hardware changes were made.,Re-registered MFA and cleared cached Outlook credentials.,Low,Resolved,true,Outlook / MFA
SYN-0142,2026-06-23,Finance,Remote computer is unavailable through RDP,Remote computer is unavailable through RDP on Ubuntu. It happens on my work laptop.,Enabled the approved RDP rule and verified the device was reachable.,High,Resolved,true,Remote Desktop
SYN-0143,2026-06-26,Operations,Print queue is stuck and cannot be cleared,Print queue is stuck and cannot be cleared on macOS. I already restarted the device once.,Cleared the print queue and reinstalled the approved printer driver.,Medium,Resolved,true,Printers
SYN-0144,2026-03-02,Sales,Remote Desktop cannot connect to office PC,Remote Desktop cannot connect to office PC on macOS. The issue happens repeatedly.,,Medium,Open,true,Remote Desktop
SYN-0145,2026-08-01,IT,Printer is online but jobs stay in queue,Printer is online but jobs stay in queue on Windows 10. The issue happens repeatedly.,,High,Open,true,Printers
SYN-0146,2026-07-10,IT,Wi-Fi connected but browser says no internet,Wi-Fi connected but browser says no internet on Windows 11. The issue happens repeatedly.,,Medium,Open,true,Wi-Fi / DNS
SYN-0147,2026-06-08,Academic,Cannot sign in after password reset,Cannot sign in after password reset on Windows 11. No recent hardware changes were made.,Unlocked the account and forced a secure password reset.,Low,Resolved,true,Accounts / Passwords
SYN-0148,2026-07-21,Finance,Internet unavailable although Wi-Fi is connected,Internet unavailable although Wi-Fi is connected on macOS. No recent hardware changes were made.,,Low,Open,true,Wi-Fi / DNS
SYN-0149,2026-03-25,HR,VPN authentication fails after Windows update,VPN authentication fails after Windows update on Windows 11. I already restarted the device once.,,High,Open,true,VPN
SYN-0150,2026-05-09,HR,Computer repeatedly restarts after Windows update,Computer repeatedly restarts after Windows update on macOS. Please help because I need this for work.,Installed pending driver updates and repaired Windows update components.,Medium,Resolved,true,Windows / Updates
SYN-0151,2026-04-30,HR,Windows update failed and rolled back,Windows update failed and rolled back on Windows 11. No recent hardware changes were made.,Installed pending driver updates and repaired Windows update components.,High,Resolved,true,Windows / Updates
SYN-0152,2026-04-04,Operations,Setup wizard reports missing dependency,Setup wizard reports missing dependency on Windows 10. It happens on my work laptop.,Used the approved installer with administrator permission.,High,Resolved,true,Software Installation
SYN-0153,2026-04-05,Sales,Company VPN connects then immediately disconnects,Company VPN connects then immediately disconnects on Ubuntu. No recent hardware changes were made.,Updated the VPN client and re-created the connection profile.,Medium,Resolved,true,VPN
SYN-0154,2026-05-01,Sales,Remote access VPN drops after login,Remote access VPN drops after login on macOS. The issue happens repeatedly.,Updated the VPN client and re-created the connection profile.,Low,Resolved,true,VPN
SYN-0155,2026-08-21,Academic,Company VPN connects then immediately disconnects,Company VPN connects then immediately disconnects on Ubuntu. This started this morning.,Updated the VPN client and re-created the connection profile.,Low,Resolved,true,VPN
SYN-0156,2026-03-19,Finance,Laptop connected to Wi-Fi but no internet access,Laptop connected to Wi-Fi but no internet access on Windows 10. I already restarted the device once.,,High,Open,true,Wi-Fi / DNS
SYN-0157,2026-04-27,Academic,Authenticator code is rejected,Authenticator code is rejected on Ubuntu. The issue happens repeatedly.,Re-registered MFA and cleared cached Outlook credentials.,High,Resolved,true,Outlook / MFA
SYN-0158,2026-06-17,Operations,Authenticator code is rejected,Authenticator code is rejected on Ubuntu. It happens on my work laptop.,Re-registered MFA and cleared cached Outlook credentials.,Low,Resolved,true,Outlook / MFA
SYN-0159,2026-04-24,HR,Laptop is slow after Windows 11 update,Laptop is slow after Windows 11 update on macOS. This started this morning.,,High,Open,true,Windows / Updates
SYN-0160,2026-08-19,Finance,Computer repeatedly restarts after Windows update,Computer repeatedly restarts after Windows update on Ubuntu. It happens on my work laptop.,Installed pending driver updates and repaired Windows update components.,Low,Resolved,true,Windows / Updates
SYN-0161,2026-01-24,Academic,Company VPN connects then immediately disconnects,Company VPN connects then immediately disconnects on Windows 10. This started this morning.,Updated the VPN client and re-created the connection profile.,Medium,Resolved,true,VPN
SYN-0162,2026-07-21,Finance,Cannot sign in after password reset,Cannot sign in after password reset on Windows 11. The issue happens repeatedly.,Unlocked the account and forced a secure password reset.,Low,Resolved,true,Accounts / Passwords
SYN-0163,2026-07-18,Sales,Password expired and user cannot log in,Password expired and user cannot log in on Windows 10. It happens on my work laptop.,Unlocked the account and forced a secure password reset.,Low,Resolved,true,Accounts / Passwords
SYN-0164,2026-03-06,Finance,Outlook profile fails to synchronize mail,Outlook profile fails to synchronize mail on Windows 10. I already restarted the device once.,Re-registered MFA and cleared cached Outlook credentials.,Low,Resolved,true,Outlook / MFA
SYN-0165,2026-05-31,Finance,Laptop is slow after Windows 11 update,Laptop is slow after Windows 11 update on Windows 11. It happens on my work laptop.,Installed pending driver updates and repaired Windows update components.,Low,Resolved,true,Windows / Updates
SYN-0166,2026-05-15,Academic,Authenticator code is rejected,Authenticator code is rejected on Windows 10. Please help because I need this for work.,Re-registered MFA and cleared cached Outlook credentials.,Medium,Resolved,true,Outlook / MFA
SYN-0167,2026-06-01,Operations,Computer repeatedly restarts after Windows update,Computer repeatedly restarts after Windows update on Windows 11. The issue happens repeatedly.,Installed pending driver updates and repaired Windows update components.,Low,Resolved,true,Windows / Updates
SYN-0168,2026-06-14,Finance,Print queue is stuck and cannot be cleared,Print queue is stuck and cannot be cleared on Ubuntu. Please help because I need this for work.,Cleared the print queue and reinstalled the approved printer driver.,Medium,Resolved,true,Printers
SYN-0169,2026-07-02,Finance,Company VPN connects then immediately disconnects,Company VPN connects then immediately disconnects on Windows 10. It happens on my work laptop.,,High,Open,true,VPN
SYN-0170,2026-02-02,Sales,Outlook keeps asking for password,Outlook keeps asking for password on macOS. Please help because I need this for work.,Re-registered MFA and cleared cached Outlook credentials.,High,Resolved,true,Outlook / MFA
SYN-0171,2026-05-10,Finance,Print queue is stuck and cannot be cleared,Print queue is stuck and cannot be cleared on Windows 10. No recent hardware changes were made.,,High,Open,true,Printers
SYN-0172,2026-04-26,Operations,Account says credentials are invalid,Account says credentials are invalid on macOS. Please help because I need this for work.,Unlocked the account and forced a secure password reset.,Medium,Resolved,true,Accounts / Passwords
SYN-0173,2026-03-22,IT,Application installation fails with permission error,Application installation fails with permission error on macOS. It happens on my work laptop.,,Low,Open,true,Software Installation
SYN-0174,2026-01-24,Finance,Remote Desktop cannot connect to office PC,Remote Desktop cannot connect to office PC on Ubuntu. This started this morning.,Enabled the approved RDP rule and verified the device was reachable.,High,Resolved,true,Remote Desktop
SYN-0175,2026-05-23,Sales,Laptop is slow after Windows 11 update,Laptop is slow after Windows 11 update on macOS. No recent hardware changes were made.,Installed pending driver updates and repaired Windows update components.,Low,Resolved,true,Windows / Updates
SYN-0176,2026-08-12,Academic,Installer stops before completion,Installer stops before completion on Windows 10. It happens on my work laptop.,,High,Open,true,Software Installation
SYN-0177,2026-01-27,HR,Windows cannot find network printer,Windows cannot find network printer on Ubuntu. I already restarted the device once.,Cleared the print queue and reinstalled the approved printer driver.,Low,Resolved,true,Printers
SYN-0178,2026-04-05,IT,Computer repeatedly restarts after Windows update,Computer repeatedly restarts after Windows update on Windows 11. Please help because I need this for work.,Installed pending driver updates and repaired Windows update components.,High,Resolved,true,Windows / Updates
SYN-0179,2026-08-26,Finance,Wi-Fi connected but browser says no internet,Wi-Fi connected but browser says no internet on Windows 11. It happens on my work laptop.,Restarted the network adapter and flushed the DNS cache.,High,Resolved,true,Wi-Fi / DNS
SYN-0180,2026-03-31,HR,Windows cannot find network printer,Windows cannot find network printer on Windows 11. The issue happens repeatedly.,Cleared the print queue and reinstalled the approved printer driver.,High,Resolved,true,Printers
SYN-0181,2026-02-06,Finance,Application installation fails with permission error,Application installation fails with permission error on Windows 11. Please help because I need this for work.,Used the approved installer with administrator permission.,Medium,Resolved,true,Software Installation
SYN-0182,2026-02-10,IT,Remote computer is unavailable through RDP,Remote computer is unavailable through RDP on macOS. The issue happens repeatedly.,Enabled the approved RDP rule and verified the device was reachable.,High,Resolved,true,Remote Desktop
SYN-0183,2026-02-09,Sales,VPN disconnects every few minutes,VPN disconnects every few minutes on Windows 10. No recent hardware changes were made.,Updated the VPN client and re-created the connection profile.,Low,Resolved,true,VPN
SYN-0184,2026-06-19,Operations,Print queue is stuck and cannot be cleared,Print queue is stuck and cannot be cleared on Ubuntu. Please help because I need this for work.,,Medium,Open,true,Printers
SYN-0185,2026-01-30,Operations,New employee account cannot access portal,New employee account cannot access portal on Windows 10. It happens on my work laptop.,Unlocked the account and forced a secure password reset.,High,Resolved,true,Accounts / Passwords
SYN-0186,2026-06-20,Finance,RDP connection times out from home network,RDP connection times out from home network on Windows 11. Please help because I need this for work.,Enabled the approved RDP rule and verified the device was reachable.,High,Resolved,true,Remote Desktop
SYN-0187,2026-02-22,HR,Laptop connected to Wi-Fi but no internet access,Laptop connected to Wi-Fi but no internet access on Windows 11. It happens on my work laptop.,Restarted the network adapter and flushed the DNS cache.,Medium,Resolved,true,Wi-Fi / DNS
SYN-0188,2026-01-02,Academic,Windows update failed and rolled back,Windows update failed and rolled back on Ubuntu. I already restarted the device once.,,Low,Open,true,Windows / Updates
SYN-0189,2026-06-30,Sales,Setup wizard reports missing dependency,Setup wizard reports missing dependency on macOS. This started this morning.,Used the approved installer with administrator permission.,Medium,Resolved,true,Software Installation
SYN-0190,2026-01-05,Finance,DNS error while connected to office Wi-Fi,DNS error while connected to office Wi-Fi on macOS. The issue happens repeatedly.,,Medium,Open,true,Wi-Fi / DNS
SYN-0191,2026-03-16,Operations,Approved software cannot be installed on laptop,Approved software cannot be installed on laptop on Windows 10. It happens on my work laptop.,Used the approved installer with administrator permission.,Low,Resolved,true,Software Installation
SYN-0192,2026-01-23,Finance,Remote computer is unavailable through RDP,Remote computer is unavailable through RDP on Windows 11. Please help because I need this for work.,,High,Open,true,Remote Desktop
SYN-0193,2026-01-21,IT,Setup wizard reports missing dependency,Setup wizard reports missing dependency on macOS. I already restarted the device once.,,Medium,Open,true,Software Installation
SYN-0194,2026-05-11,Sales,Outlook keeps asking for password,Outlook keeps asking for password on Windows 11. It happens on my work laptop.,Re-registered MFA and cleared cached Outlook credentials.,Medium,Resolved,true,Outlook / MFA
SYN-0195,2026-01-27,IT,MFA approval never arrives on phone,MFA approval never arrives on phone on Windows 11. I already restarted the device once.,Re-registered MFA and cleared cached Outlook credentials.,High,Resolved,true,Outlook / MFA
SYN-0196,2026-02-15,Operations,Outlook keeps asking for password,Outlook keeps asking for password on Ubuntu. No recent hardware changes were made.,,High,Open,true,Outlook / MFA
SYN-0197,2026-02-08,Finance,Blue screen appears after installing an update,Blue screen appears after installing an update on Ubuntu. Please help because I need this for work.,,High,Open,true,Windows / Updates
SYN-0198,2026-06-01,IT,Windows cannot find network printer,Windows cannot find network printer on Windows 10. It happens on my work laptop.,Cleared the print queue and reinstalled the approved printer driver.,Medium,Resolved,true,Printers
SYN-0199,2026-01-15,IT,Remote Desktop cannot connect to office PC,Remote Desktop cannot connect to office PC on Windows 10. No recent hardware changes were made.,Enabled the approved RDP rule and verified the device was reachable.,Low,Resolved,true,Remote Desktop
SYN-0200,2026-05-29,Operations,Approved software cannot be installed on laptop,Approved software cannot be installed on laptop on Windows 11. It happens on my work laptop.,Used the approved installer with administrator permission.,High,Resolved,true,Software Installation
SYN-0201,2026-02-08,Operations,RDP connection times out from home network,RDP connection times out from home network on Windows 10. It happens on my work laptop.,Enabled the approved RDP rule and verified the device was reachable.,High,Resolved,true,Remote Desktop
SYN-0202,2026-06-15,Finance,VPN tunnel is unstable from home network,VPN tunnel is unstable from home network on Windows 11. No recent hardware changes were made.,Updated the VPN client and re-created the connection profile.,Medium,Resolved,true,VPN
SYN-0203,2026-05-14,IT,RDP connection times out from home network,RDP connection times out from home network on macOS. It happens on my work laptop.,Enabled the approved RDP rule and verified the device was reachable.,Medium,Resolved,true,Remote Desktop
SYN-0204,2026-06-23,Academic,Installer stops before completion,Installer stops before completion on macOS. This started this morning.,Used the approved installer with administrator permission.,Medium,Resolved,true,Software Installation
SYN-0205,2026-06-23,IT,VPN tunnel is unstable from home network,VPN tunnel is unstable from home network on macOS. No recent hardware changes were made.,,High,Open,true,VPN
SYN-0206,2026-01-21,IT,Outlook cannot send email after password change,Outlook cannot send email after password change on macOS. No recent hardware changes were made.,Re-registered MFA and cleared cached Outlook credentials.,High,Resolved,true,Outlook / MFA
SYN-0207,2026-06-02,IT,Software setup cannot continue because admin rights are required,Software setup cannot continue because admin rights are required on Ubuntu. No recent hardware changes were made.,Used the approved installer with administrator permission.,Medium,Resolved,true,Software Installation
SYN-0208,2026-01-24,Sales,Outlook profile fails to synchronize mail,Outlook profile fails to synchronize mail on macOS. This started this morning.,,Medium,Open,true,Outlook / MFA
SYN-0209,2026-02-24,Operations,Office printer prints blank pages,Office printer prints blank pages on Windows 11. I already restarted the device once.,Cleared the print queue and reinstalled the approved printer driver.,Low,Resolved,true,Printers
SYN-0210,2026-03-17,Sales,Outlook keeps asking for password,Outlook keeps asking for password on Windows 10. No recent hardware changes were made.,Re-registered MFA and cleared cached Outlook credentials.,Medium,Resolved,true,Outlook / MFA
SYN-0211,2026-04-07,HR,Outlook profile fails to synchronize mail,Outlook profile fails to synchronize mail on Windows 11. No recent hardware changes were made.,Re-registered MFA and cleared cached Outlook credentials.,High,Resolved,true,Outlook / MFA
SYN-0212,2026-01-12,IT,Authenticator code is rejected,Authenticator code is rejected on Windows 11. Please help because I need this for work.,,High,Open,true,Outlook / MFA
SYN-0213,2026-03-01,IT,Print queue is stuck and cannot be cleared,Print queue is stuck and cannot be cleared on Ubuntu. I already restarted the device once.,Cleared the print queue and reinstalled the approved printer driver.,Medium,Resolved,true,Printers
SYN-0214,2026-07-16,Operations,Remote Desktop shows credential error,Remote Desktop shows credential error on Ubuntu. I already restarted the device once.,Enabled the approved RDP rule and verified the device was reachable.,Low,Resolved,true,Remote Desktop
SYN-0215,2026-01-14,IT,Outlook cannot send email after password change,Outlook cannot send email after password change on Windows 10. No recent hardware changes were made.,,High,Open,true,Outlook / MFA
SYN-0216,2026-01-22,IT,VPN authentication fails after Windows update,VPN authentication fails after Windows update on Ubuntu. The issue happens repeatedly.,Updated the VPN client and re-created the connection profile.,Low,Resolved,true,VPN
SYN-0217,2026-08-22,Operations,Application installation fails with permission error,Application installation fails with permission error on macOS. This started this morning.,Used the approved installer with administrator permission.,Medium,Resolved,true,Software Installation
SYN-0218,2026-05-09,HR,DNS error while connected to office Wi-Fi,DNS error while connected to office Wi-Fi on Ubuntu. This started this morning.,Restarted the network adapter and flushed the DNS cache.,Medium,Resolved,true,Wi-Fi / DNS
SYN-0219,2026-03-23,Academic,User account is locked after failed login attempts,User account is locked after failed login attempts on macOS. I already restarted the device once.,Unlocked the account and forced a secure password reset.,Low,Resolved,true,Accounts / Passwords
SYN-0220,2026-08-23,Academic,Internet unavailable although Wi-Fi is connected,Internet unavailable although Wi-Fi is connected on Windows 11. No recent hardware changes were made.,,Medium,Open,true,Wi-Fi / DNS
SYN-0221,2026-01-02,Finance,RDP connection times out from home network,RDP connection times out from home network on macOS. I already restarted the device once.,Enabled the approved RDP rule and verified the device was reachable.,Low,Resolved,true,Remote Desktop
SYN-0222,2026-07-18,HR,Application installation fails with permission error,Application installation fails with permission error on macOS. This started this morning.,Used the approved installer with administrator permission.,Low,Resolved,true,Software Installation
SYN-0223,2026-06-13,Finance,Account says credentials are invalid,Account says credentials are invalid on Windows 10. Please help because I need this for work.,,High,Open,true,Accounts / Passwords
SYN-0224,2026-05-28,Academic,Wi-Fi connected but browser says no internet,Wi-Fi connected but browser says no internet on Windows 11. It happens on my work laptop.,Restarted the network adapter and flushed the DNS cache.,Medium,Resolved,true,Wi-Fi / DNS
SYN-0225,2026-04-01,Sales,Wi-Fi connected but browser says no internet,Wi-Fi connected but browser says no internet on Ubuntu. I already restarted the device once.,Restarted the network adapter and flushed the DNS cache.,High,Resolved,true,Wi-Fi / DNS
SYN-0226,2026-04-03,Sales,VPN tunnel is unstable from home network,VPN tunnel is unstable from home network on Windows 10. Please help because I need this for work.,Updated the VPN client and re-created the connection profile.,Medium,Resolved,true,VPN
SYN-0227,2026-04-06,Academic,DNS error while connected to office Wi-Fi,DNS error while connected to office Wi-Fi on Windows 10. It happens on my work laptop.,Restarted the network adapter and flushed the DNS cache.,Low,Resolved,true,Wi-Fi / DNS
SYN-0228,2026-07-07,Sales,Laptop is slow after Windows 11 update,Laptop is slow after Windows 11 update on macOS. I already restarted the device once.,Installed pending driver updates and repaired Windows update components.,Low,Resolved,true,Windows / Updates
SYN-0229,2026-03-28,Academic,Computer repeatedly restarts after Windows update,Computer repeatedly restarts after Windows update on Ubuntu. No recent hardware changes were made.,Installed pending driver updates and repaired Windows update components.,Medium,Resolved,true,Windows / Updates
SYN-0230,2026-01-17,Finance,MFA approval never arrives on phone,MFA approval never arrives on phone on macOS. I already restarted the device once.,,Low,Open,true,Outlook / MFA
SYN-0231,2026-03-22,Sales,User account is locked after failed login attempts,User account is locked after failed login attempts on Ubuntu. The issue happens repeatedly.,Unlocked the account and forced a secure password reset.,Medium,Resolved,true,Accounts / Passwords
SYN-0232,2026-07-12,IT,Printer is online but jobs stay in queue,Printer is online but jobs stay in queue on macOS. This started this morning.,Cleared the print queue and reinstalled the approved printer driver.,High,Resolved,true,Printers
SYN-0233,2026-02-01,Operations,Blue screen appears after installing an update,Blue screen appears after installing an update on Ubuntu. No recent hardware changes were made.,Installed pending driver updates and repaired Windows update components.,Medium,Resolved,true,Windows / Updates
SYN-0234,2026-02-17,Academic,Installer stops before completion,Installer stops before completion on Ubuntu. It happens on my work laptop.,,High,Open,true,Software Installation
SYN-0235,2026-07-06,Finance,Printer is online but jobs stay in queue,Printer is online but jobs stay in queue on Ubuntu. The issue happens repeatedly.,,Low,Open,true,Printers
SYN-0236,2026-01-27,IT,Windows cannot find network printer,Windows cannot find network printer on macOS. It happens on my work laptop.,Cleared the print queue and reinstalled the approved printer driver.,Medium,Resolved,true,Printers
SYN-0237,2026-06-26,IT,Software setup cannot continue because admin rights are required,Software setup cannot continue because admin rights are required on Ubuntu. This started this morning.,,High,Open,true,Software Installation
SYN-0238,2026-04-22,Academic,Computer repeatedly restarts after Windows update,Computer repeatedly restarts after Windows update on Windows 10. This started this morning.,Installed pending driver updates and repaired Windows update components.,High,Resolved,true,Windows / Updates
SYN-0239,2026-05-12,Finance,Installer stops before completion,Installer stops before completion on Windows 11. The issue happens repeatedly.,Used the approved installer with administrator permission.,High,Resolved,true,Software Installation
SYN-0240,2026-02-02,HR,Remote Desktop cannot connect to office PC,Remote Desktop cannot connect to office PC on macOS. It happens on my work laptop.,Enabled the approved RDP rule and verified the device was reachable.,Medium,Resolved,true,Remote Desktop
SYN-0241,2026-02-09,IT,Wi-Fi connected but browser says no internet,Wi-Fi connected but browser says no internet on macOS. Please help because I need this for work.,,Low,Open,true,Wi-Fi / DNS
SYN-0242,2026-04-04,IT,Outlook profile fails to synchronize mail,Outlook profile fails to synchronize mail on macOS. I already restarted the device once.,,Low,Open,true,Outlook / MFA
SYN-0243,2026-05-08,Sales,Wireless icon shows connected but websites do not load,Wireless icon shows connected but websites do not load on Windows 10. It happens on my work laptop.,,Medium,Open,true,Wi-Fi / DNS
SYN-0244,2026-06-06,Academic,RDP session disconnects after login,RDP session disconnects after login on Ubuntu. I already restarted the device once.,Enabled the approved RDP rule and verified the device was reachable.,Low,Resolved,true,Remote Desktop
SYN-0245,2026-04-26,Academic,Outlook keeps asking for password,Outlook keeps asking for password on Ubuntu. This started this morning.,Re-registered MFA and cleared cached Outlook credentials.,High,Resolved,true,Outlook / MFA
SYN-0246,2026-07-01,Finance,Laptop suddenly shows blue screen error 0x00000124,Laptop suddenly shows blue screen error 0x00000124 on macOS. It happens on my work laptop.,,Low,Open,true,Windows / Updates
SYN-0247,2026-05-11,Finance,Outlook cannot send email after password change,Outlook cannot send email after password change on Windows 11. I already restarted the device once.,Re-registered MFA and cleared cached Outlook credentials.,Low,Resolved,true,Outlook / MFA
SYN-0248,2026-04-03,Operations,Remote Desktop cannot connect to office PC,Remote Desktop cannot connect to office PC on Windows 11. The issue happens repeatedly.,Enabled the approved RDP rule and verified the device was reachable.,Low,Resolved,true,Remote Desktop
SYN-0249,2026-04-12,Sales,VPN authentication fails after Windows update,VPN authentication fails after Windows update on Ubuntu. Please help because I need this for work.,,High,Open,true,VPN
SYN-0250,2026-03-23,Operations,Remote access VPN drops after login,Remote access VPN drops after login on Ubuntu. No recent hardware changes were made.,Updated the VPN client and re-created the connection profile.,High,Resolved,true,VPN
SYN-0251,2026-08-13,HR,Laptop is slow after Windows 11 update,Laptop is slow after Windows 11 update on Ubuntu. The issue happens repeatedly.,Installed pending driver updates and repaired Windows update components.,Low,Resolved,true,Windows / Updates
SYN-0252,2026-02-09,HR,VPN tunnel is unstable from home network,VPN tunnel is unstable from home network on Windows 11. It happens on my work laptop.,Updated the VPN client and re-created the connection profile.,High,Resolved,true,VPN
SYN-0253,2026-08-29,Finance,Password expired and user cannot log in,Password expired and user cannot log in on macOS. I already restarted the device once.,Unlocked the account and forced a secure password reset.,High,Resolved,true,Accounts / Passwords
SYN-0254,2026-06-10,Sales,Office printer prints blank pages,Office printer prints blank pages on Windows 10. The issue happens repeatedly.,Cleared the print queue and reinstalled the approved printer driver.,High,Resolved,true,Printers
SYN-0255,2026-05-29,HR,Outlook profile fails to synchronize mail,Outlook profile fails to synchronize mail on macOS. The issue happens repeatedly.,Re-registered MFA and cleared cached Outlook credentials.,Low,Resolved,true,Outlook / MFA
SYN-0256,2026-01-12,Academic,Laptop connected to Wi-Fi but no internet access,Laptop connected to Wi-Fi but no internet access on Windows 11. The issue happens repeatedly.,Restarted the network adapter and flushed the DNS cache.,Medium,Resolved,true,Wi-Fi / DNS
SYN-0257,2026-08-16,Academic,DNS error while connected to office Wi-Fi,DNS error while connected to office Wi-Fi on macOS. Please help because I need this for work.,Restarted the network adapter and flushed the DNS cache.,Low,Resolved,true,Wi-Fi / DNS
SYN-0258,2026-04-27,Academic,Installer stops before completion,Installer stops before completion on Windows 10. I already restarted the device once.,Used the approved installer with administrator permission.,Medium,Resolved,true,Software Installation
SYN-0259,2026-04-29,IT,Approved software cannot be installed on laptop,Approved software cannot be installed on laptop on Windows 11. It happens on my work laptop.,Used the approved installer with administrator permission.,High,Resolved,true,Software Installation
SYN-0260,2026-04-13,IT,Blue screen appears after installing an update,Blue screen appears after installing an update on Windows 10. It happens on my work laptop.,Installed pending driver updates and repaired Windows update components.,Low,Resolved,true,Windows / Updates
SYN-0261,2026-03-10,HR,Remote Desktop cannot connect to office PC,Remote Desktop cannot connect to office PC on Windows 11. This started this morning.,,Low,Open,true,Remote Desktop
SYN-0262,2026-08-10,HR,Print queue is stuck and cannot be cleared,Print queue is stuck and cannot be cleared on Windows 11. It happens on my work laptop.,,High,Open,true,Printers
SYN-0263,2026-07-15,Operations,Laptop is slow after Windows 11 update,Laptop is slow after Windows 11 update on Ubuntu. Please help because I need this for work.,Installed pending driver updates and repaired Windows update components.,Medium,Resolved,true,Windows / Updates
SYN-0264,2026-01-24,Sales,Remote Desktop cannot connect to office PC,Remote Desktop cannot connect to office PC on Ubuntu. I already restarted the device once.,,Low,Open,true,Remote Desktop
SYN-0265,2026-01-13,Operations,Windows update failed and rolled back,Windows update failed and rolled back on Ubuntu. It happens on my work laptop.,Installed pending driver updates and repaired Windows update components.,High,Resolved,true,Windows / Updates
SYN-0266,2026-04-21,IT,Laptop connected to Wi-Fi but no internet access,Laptop connected to Wi-Fi but no internet access on macOS. Please help because I need this for work.,Restarted the network adapter and flushed the DNS cache.,Medium,Resolved,true,Wi-Fi / DNS
SYN-0267,2026-01-14,IT,DNS error while connected to office Wi-Fi,DNS error while connected to office Wi-Fi on macOS. This started this morning.,Restarted the network adapter and flushed the DNS cache.,Medium,Resolved,true,Wi-Fi / DNS
SYN-0268,2026-03-13,HR,RDP connection times out from home network,RDP connection times out from home network on Windows 10. Please help because I need this for work.,Enabled the approved RDP rule and verified the device was reachable.,Medium,Resolved,true,Remote Desktop
SYN-0269,2026-08-29,HR,Computer repeatedly restarts after Windows update,Computer repeatedly restarts after Windows update on Windows 11. The issue happens repeatedly.,Installed pending driver updates and repaired Windows update components.,High,Resolved,true,Windows / Updates
SYN-0270,2026-01-11,Finance,Setup wizard reports missing dependency,Setup wizard reports missing dependency on Windows 11. No recent hardware changes were made.,Used the approved installer with administrator permission.,Medium,Resolved,true,Software Installation
SYN-0271,2026-04-27,Sales,RDP connection times out from home network,RDP connection times out from home network on Windows 11. It happens on my work laptop.,Enabled the approved RDP rule and verified the device was reachable.,High,Resolved,true,Remote Desktop
SYN-0272,2026-04-11,Sales,Laptop is slow after Windows 11 update,Laptop is slow after Windows 11 update on macOS. The issue happens repeatedly.,Installed pending driver updates and repaired Windows update components.,High,Resolved,true,Windows / Updates
SYN-0273,2026-03-18,Finance,RDP connection times out from home network,RDP connection times out from home network on macOS. It happens on my work laptop.,,High,Open,true,Remote Desktop
SYN-0274,2026-05-30,Academic,Company VPN connects then immediately disconnects,Company VPN connects then immediately disconnects on Windows 10. The issue happens repeatedly.,Updated the VPN client and re-created the connection profile.,Medium,Resolved,true,VPN
SYN-0275,2026-05-28,Academic,Printer shows offline although it is powered on,Printer shows offline although it is powered on on Windows 10. The issue happens repeatedly.,Cleared the print queue and reinstalled the approved printer driver.,Medium,Resolved,true,Printers
SYN-0276,2026-06-11,HR,Outlook profile fails to synchronize mail,Outlook profile fails to synchronize mail on Windows 11. This started this morning.,,High,Open,true,Outlook / MFA
SYN-0277,2026-01-05,IT,Remote access VPN drops after login,Remote access VPN drops after login on Ubuntu. I already restarted the device once.,,Medium,Open,true,VPN
SYN-0278,2026-05-09,Academic,Account says credentials are invalid,Account says credentials are invalid on Windows 10. No recent hardware changes were made.,,Low,Open,true,Accounts / Passwords
SYN-0279,2026-03-25,Sales,New employee account cannot access portal,New employee account cannot access portal on Ubuntu. It happens on my work laptop.,,Low,Open,true,Accounts / Passwords
SYN-0280,2026-03-29,Academic,RDP connection times out from home network,RDP connection times out from home network on macOS. The issue happens repeatedly.,Enabled the approved RDP rule and verified the device was reachable.,Medium,Resolved,true,Remote Desktop
SYN-0281,2026-03-13,HR,Cannot sign in after password reset,Cannot sign in after password reset on macOS. It happens on my work laptop.,Unlocked the account and forced a secure password reset.,High,Resolved,true,Accounts / Passwords
SYN-0282,2026-03-23,IT,Account says credentials are invalid,Account says credentials are invalid on macOS. It happens on my work laptop.,,Low,Open,true,Accounts / Passwords
SYN-0283,2026-07-29,HR,Approved software cannot be installed on laptop,Approved software cannot be installed on laptop on macOS. This started this morning.,Used the approved installer with administrator permission.,Medium,Resolved,true,Software Installation
SYN-0284,2026-08-25,Academic,VPN authentication fails after Windows update,VPN authentication fails after Windows update on macOS. No recent hardware changes were made.,,Medium,Open,true,VPN
SYN-0285,2026-07-31,Sales,Cannot sign in after password reset,Cannot sign in after password reset on macOS. I already restarted the device once.,Unlocked the account and forced a secure password reset.,Low,Resolved,true,Accounts / Passwords
SYN-0286,2026-01-13,Academic,Cannot sign in after password reset,Cannot sign in after password reset on Windows 11. This started this morning.,Unlocked the account and forced a secure password reset.,Low,Resolved,true,Accounts / Passwords
SYN-0287,2026-07-03,Finance,Installer stops before completion,Installer stops before completion on Windows 11. This started this morning.,,High,Open,true,Software Installation
SYN-0288,2026-06-17,Operations,Authenticator code is rejected,Authenticator code is rejected on Windows 11. It happens on my work laptop.,,Medium,Open,true,Outlook / MFA
SYN-0289,2026-08-21,Academic,Printer is online but jobs stay in queue,Printer is online but jobs stay in queue on Windows 11. The issue happens repeatedly.,Cleared the print queue and reinstalled the approved printer driver.,High,Resolved,true,Printers
SYN-0290,2026-04-17,Finance,Wireless icon shows connected but websites do not load,Wireless icon shows connected but websites do not load on Ubuntu. Please help because I need this for work.,Restarted the network adapter and flushed the DNS cache.,Low,Resolved,true,Wi-Fi / DNS
SYN-0291,2026-01-03,Sales,Printer is online but jobs stay in queue,Printer is online but jobs stay in queue on Windows 10. It happens on my work laptop.,Cleared the print queue and reinstalled the approved printer driver.,Medium,Resolved,true,Printers
SYN-0292,2026-05-15,HR,RDP connection times out from home network,RDP connection times out from home network on Ubuntu. It happens on my work laptop.,,Low,Open,true,Remote Desktop
SYN-0293,2026-02-11,Academic,VPN authentication fails after Windows update,VPN authentication fails after Windows update on macOS. No recent hardware changes were made.,,Low,Open,true,VPN
SYN-0294,2026-07-22,Sales,Internet unavailable although Wi-Fi is connected,Internet unavailable although Wi-Fi is connected on Windows 11. I already restarted the device once.,Restarted the network adapter and flushed the DNS cache.,High,Resolved,true,Wi-Fi / DNS
SYN-0295,2026-05-12,Finance,Approved software cannot be installed on laptop,Approved software cannot be installed on laptop on Ubuntu. No recent hardware changes were made.,Used the approved installer with administrator permission.,Low,Resolved,true,Software Installation
SYN-0296,2026-05-03,HR,MFA approval never arrives on phone,MFA approval never arrives on phone on Windows 10. It happens on my work laptop.,Re-registered MFA and cleared cached Outlook credentials.,Medium,Resolved,true,Outlook / MFA
SYN-0297,2026-07-12,IT,Account says credentials are invalid,Account says credentials are invalid on macOS. The issue happens repeatedly.,Unlocked the account and forced a secure password reset.,High,Resolved,true,Accounts / Passwords
SYN-0298,2026-06-17,Academic,Internet unavailable although Wi-Fi is connected,Internet unavailable although Wi-Fi is connected on Windows 11. This started this morning.,Restarted the network adapter and flushed the DNS cache.,High,Resolved,true,Wi-Fi / DNS
SYN-0299,2026-03-20,Operations,Company VPN connects then immediately disconnects,Company VPN connects then immediately disconnects on macOS. No recent hardware changes were made.,Updated the VPN client and re-created the connection profile.,Low,Resolved,true,VPN
SYN-0300,2026-06-07,HR,Windows cannot find network printer,Windows cannot find network printer on Windows 11. Please help because I need this for work.,Cleared the print queue and reinstalled the approved printer driver.,Low,Resolved,true,Printers
SYN-0301,2026-04-06,Academic,RDP connection times out from home network,RDP connection times out from home network on Ubuntu. The issue happens repeatedly.,,High,Open,true,Remote Desktop
SYN-0302,2026-06-24,Sales,Cannot sign in after password reset,Cannot sign in after password reset on Ubuntu. The issue happens repeatedly.,Unlocked the account and forced a secure password reset.,High,Resolved,true,Accounts / Passwords
SYN-0303,2026-08-23,Finance,Windows update failed and rolled back,Windows update failed and rolled back on Windows 11. The issue happens repeatedly.,Installed pending driver updates and repaired Windows update components.,High,Resolved,true,Windows / Updates
SYN-0304,2026-03-25,Finance,MFA approval never arrives on phone,MFA approval never arrives on phone on Windows 11. No recent hardware changes were made.,,High,Open,true,Outlook / MFA
SYN-0305,2026-08-19,Finance,Remote Desktop cannot connect to office PC,Remote Desktop cannot connect to office PC on Ubuntu. I already restarted the device once.,,High,Open,true,Remote Desktop
SYN-0306,2026-05-25,Sales,Approved software cannot be installed on laptop,Approved software cannot be installed on laptop on Ubuntu. No recent hardware changes were made.,Used the approved installer with administrator permission.,Medium,Resolved,true,Software Installation
SYN-0307,2026-03-07,Academic,DNS error while connected to office Wi-Fi,DNS error while connected to office Wi-Fi on Windows 11. The issue happens repeatedly.,Restarted the network adapter and flushed the DNS cache.,Low,Resolved,true,Wi-Fi / DNS
SYN-0308,2026-03-30,Sales,DNS error while connected to office Wi-Fi,DNS error while connected to office Wi-Fi on Windows 10. This started this morning.,Restarted the network adapter and flushed the DNS cache.,Medium,Resolved,true,Wi-Fi / DNS
SYN-0309,2026-04-15,HR,Internet unavailable although Wi-Fi is connected,Internet unavailable although Wi-Fi is connected on Ubuntu. It happens on my work laptop.,Restarted the network adapter and flushed the DNS cache.,Medium,Resolved,true,Wi-Fi / DNS
SYN-0310,2026-04-07,Academic,Remote Desktop shows credential error,Remote Desktop shows credential error on Windows 11. No recent hardware changes were made.,Enabled the approved RDP rule and verified the device was reachable.,Medium,Resolved,true,Remote Desktop
SYN-0311,2026-05-18,Sales,Remote access VPN drops after login,Remote access VPN drops after login on Windows 11. No recent hardware changes were made.,,Low,Open,true,VPN
SYN-0312,2026-03-18,Academic,Laptop connected to Wi-Fi but no internet access,Laptop connected to Wi-Fi but no internet access on Ubuntu. The issue happens repeatedly.,,Medium,Open,true,Wi-Fi / DNS
SYN-0313,2026-04-28,HR,Cannot sign in after password reset,Cannot sign in after password reset on macOS. I already restarted the device once.,Unlocked the account and forced a secure password reset.,High,Resolved,true,Accounts / Passwords
SYN-0314,2026-07-27,Sales,VPN disconnects every few minutes,VPN disconnects every few minutes on Windows 10. I already restarted the device once.,,Low,Open,true,VPN
SYN-0315,2026-06-02,Operations,VPN disconnects every few minutes,VPN disconnects every few minutes on Windows 10. I already restarted the device once.,Updated the VPN client and re-created the connection profile.,High,Resolved,true,VPN
SYN-0316,2026-04-23,Sales,DNS error while connected to office Wi-Fi,DNS error while connected to office Wi-Fi on Windows 11. This started this morning.,Restarted the network adapter and flushed the DNS cache.,Low,Resolved,true,Wi-Fi / DNS
SYN-0317,2026-07-28,Sales,Office printer prints blank pages,Office printer prints blank pages on macOS. I already restarted the device once.,Cleared the print queue and reinstalled the approved printer driver.,Medium,Resolved,true,Printers
SYN-0318,2026-02-26,IT,Outlook profile fails to synchronize mail,Outlook profile fails to synchronize mail on macOS. This started this morning.,,High,Open,true,Outlook / MFA
SYN-0319,2026-05-23,Finance,Authenticator code is rejected,Authenticator code is rejected on macOS. No recent hardware changes were made.,,High,Open,true,Outlook / MFA
SYN-0320,2026-03-23,Operations,Setup wizard reports missing dependency,Setup wizard reports missing dependency on Windows 11. It happens on my work laptop.,,Medium,Open,true,Software Installation
SYN-0321,2026-05-02,HR,Outlook profile fails to synchronize mail,Outlook profile fails to synchronize mail on macOS. No recent hardware changes were made.,Re-registered MFA and cleared cached Outlook credentials.,Low,Resolved,true,Outlook / MFA
SYN-0322,2026-05-24,Operations,Remote Desktop cannot connect to office PC,Remote Desktop cannot connect to office PC on Windows 11. Please help because I need this for work.,,Low,Open,true,Remote Desktop
SYN-0323,2026-03-26,Operations,Office printer prints blank pages,Office printer prints blank pages on macOS. This started this morning.,Cleared the print queue and reinstalled the approved printer driver.,High,Resolved,true,Printers
SYN-0324,2026-03-10,Academic,User account is locked after failed login attempts,User account is locked after failed login attempts on Windows 10. This started this morning.,,Low,Open,true,Accounts / Passwords
SYN-0325,2026-02-23,IT,Account says credentials are invalid,Account says credentials are invalid on Windows 10. I already restarted the device once.,Unlocked the account and forced a secure password reset.,Low,Resolved,true,Accounts / Passwords
SYN-0326,2026-08-23,Academic,Company VPN connects then immediately disconnects,Company VPN connects then immediately disconnects on Windows 11. Please help because I need this for work.,Updated the VPN client and re-created the connection profile.,Low,Resolved,true,VPN
SYN-0327,2026-04-08,Sales,Blue screen appears after installing an update,Blue screen appears after installing an update on macOS. It happens on my work laptop.,,Medium,Open,true,Windows / Updates
SYN-0328,2026-08-14,Operations,Laptop suddenly shows blue screen error 0x00000124,Laptop suddenly shows blue screen error 0x00000124 on Ubuntu. This started this morning.,,High,Open,true,Windows / Updates
SYN-0329,2026-08-23,IT,Remote computer is unavailable through RDP,Remote computer is unavailable through RDP on macOS. Please help because I need this for work.,Enabled the approved RDP rule and verified the device was reachable.,Low,Resolved,true,Remote Desktop
SYN-0330,2026-01-05,Sales,Cannot sign in after password reset,Cannot sign in after password reset on Ubuntu. It happens on my work laptop.,Unlocked the account and forced a secure password reset.,Low,Resolved,true,Accounts / Passwords
SYN-0331,2026-02-28,Sales,Password expired and user cannot log in,Password expired and user cannot log in on Windows 11. Please help because I need this for work.,,High,Open,true,Accounts / Passwords
SYN-0332,2026-07-15,Academic,Blue screen appears after installing an update,Blue screen appears after installing an update on Ubuntu. Please help because I need this for work.,,Low,Open,true,Windows / Updates
SYN-0333,2026-02-05,HR,Laptop is slow after Windows 11 update,Laptop is slow after Windows 11 update on Windows 10. The issue happens repeatedly.,,Low,Open,true,Windows / Updates
SYN-0334,2026-07-15,Operations,VPN disconnects every few minutes,VPN disconnects every few minutes on Windows 11. No recent hardware changes were made.,Updated the VPN client and re-created the connection profile.,Low,Resolved,true,VPN
SYN-0335,2026-01-03,Sales,Remote access VPN drops after login,Remote access VPN drops after login on Ubuntu. It happens on my work laptop.,Updated the VPN client and re-created the connection profile.,Low,Resolved,true,VPN
SYN-0336,2026-01-05,Sales,Remote Desktop shows credential error,Remote Desktop shows credential error on Ubuntu. This started this morning.,Enabled the approved RDP rule and verified the device was reachable.,Low,Resolved,true,Remote Desktop
SYN-0337,2026-03-15,Sales,Printer shows offline although it is powered on,Printer shows offline although it is powered on on Ubuntu. I already restarted the device once.,Cleared the print queue and reinstalled the approved printer driver.,Low,Resolved,true,Printers
SYN-0338,2026-02-08,HR,VPN tunnel is unstable from home network,VPN tunnel is unstable from home network on macOS. It happens on my work laptop.,Updated the VPN client and re-created the connection profile.,Medium,Resolved,true,VPN
SYN-0339,2026-04-06,Operations,Application installation fails with permission error,Application installation fails with permission error on Windows 11. No recent hardware changes were made.,,Low,Open,true,Software Installation
SYN-0340,2026-06-17,Finance,Printer is online but jobs stay in queue,Printer is online but jobs stay in queue on Ubuntu. Please help because I need this for work.,Cleared the print queue and reinstalled the approved printer driver.,Medium,Resolved,true,Printers
SYN-0341,2026-06-13,Academic,Remote Desktop cannot connect to office PC,Remote Desktop cannot connect to office PC on Windows 11. This started this morning.,Enabled the approved RDP rule and verified the device was reachable.,Medium,Resolved,true,Remote Desktop
SYN-0342,2026-05-25,Sales,Installer stops before completion,Installer stops before completion on Windows 10. I already restarted the device once.,Used the approved installer with administrator permission.,Low,Resolved,true,Software Installation
SYN-0343,2026-01-12,Academic,Remote computer is unavailable through RDP,Remote computer is unavailable through RDP on macOS. The issue happens repeatedly.,Enabled the approved RDP rule and verified the device was reachable.,High,Resolved,true,Remote Desktop
SYN-0344,2026-08-26,Finance,Wireless icon shows connected but websites do not load,Wireless icon shows connected but websites do not load on Windows 11. The issue happens repeatedly.,Restarted the network adapter and flushed the DNS cache.,Low,Resolved,true,Wi-Fi / DNS
SYN-0345,2026-03-18,Sales,Application installation fails with permission error,Application installation fails with permission error on Windows 11. The issue happens repeatedly.,Used the approved installer with administrator permission.,Medium,Resolved,true,Software Installation
SYN-0346,2026-07-13,Academic,Windows driver error after restart,Windows driver error after restart on Windows 10. The issue happens repeatedly.,Installed pending driver updates and repaired Windows update components.,High,Resolved,true,Windows / Updates
SYN-0347,2026-01-26,HR,Windows update failed and rolled back,Windows update failed and rolled back on Windows 10. It happens on my work laptop.,,High,Open,true,Windows / Updates
SYN-0348,2026-01-08,Operations,Installer stops before completion,Installer stops before completion on Ubuntu. I already restarted the device once.,Used the approved installer with administrator permission.,Medium,Resolved,true,Software Installation
SYN-0349,2026-02-17,Finance,Approved software cannot be installed on laptop,Approved software cannot be installed on laptop on macOS. I already restarted the device once.,,High,Open,true,Software Installation
SYN-0350,2026-03-10,Operations,VPN disconnects every few minutes,VPN disconnects every few minutes on Windows 11. No recent hardware changes were made.,Updated the VPN client and re-created the connection profile.,Medium,Resolved,true,VPN
SYN-0351,2026-01-28,Finance,Blue screen appears after installing an update,Blue screen appears after installing an update on macOS. Please help because I need this for work.,Installed pending driver updates and repaired Windows update components.,Medium,Resolved,true,Windows / Updates
SYN-0352,2026-02-03,HR,Printer is online but jobs stay in queue,Printer is online but jobs stay in queue on Ubuntu. Please help because I need this for work.,Cleared the print queue and reinstalled the approved printer driver.,High,Resolved,true,Printers
SYN-0353,2026-01-07,IT,Application installation fails with permission error,Application installation fails with permission error on Windows 10. The issue happens repeatedly.,Used the approved installer with administrator permission.,High,Resolved,true,Software Installation
SYN-0354,2026-01-04,Operations,Windows driver error after restart,Windows driver error after restart on Ubuntu. This started this morning.,Installed pending driver updates and repaired Windows update components.,High,Resolved,true,Windows / Updates
SYN-0355,2026-05-14,Academic,New employee account cannot access portal,New employee account cannot access portal on Ubuntu. I already restarted the device once.,Unlocked the account and forced a secure password reset.,Low,Resolved,true,Accounts / Passwords
SYN-0356,2026-03-10,HR,Windows cannot find network printer,Windows cannot find network printer on Windows 10. I already restarted the device once.,,Medium,Open,true,Printers
SYN-0357,2026-03-18,Finance,Print queue is stuck and cannot be cleared,Print queue is stuck and cannot be cleared on macOS. It happens on my work laptop.,,Low,Open,true,Printers
SYN-0358,2026-06-07,Operations,RDP connection times out from home network,RDP connection times out from home network on Windows 10. I already restarted the device once.,Enabled the approved RDP rule and verified the device was reachable.,Medium,Resolved,true,Remote Desktop
SYN-0359,2026-03-27,IT,DNS error while connected to office Wi-Fi,DNS error while connected to office Wi-Fi on Ubuntu. It happens on my work laptop.,,Medium,Open,true,Wi-Fi / DNS
SYN-0360,2026-03-24,Operations,Outlook cannot send email after password change,Outlook cannot send email after password change on macOS. I already restarted the device once.,Re-registered MFA and cleared cached Outlook credentials.,Medium,Resolved,true,Outlook / MFA
SYN-0361,2026-07-08,Sales,Blue screen appears after installing an update,Blue screen appears after installing an update on Windows 11. It happens on my work laptop.,,Medium,Open,true,Windows / Updates
SYN-0362,2026-04-04,Sales,Print queue is stuck and cannot be cleared,Print queue is stuck and cannot be cleared on Windows 11. The issue happens repeatedly.,Cleared the print queue and reinstalled the approved printer driver.,High,Resolved,true,Printers
SYN-0363,2026-01-07,Academic,Outlook profile fails to synchronize mail,Outlook profile fails to synchronize mail on Windows 11. Please help because I need this for work.,,Medium,Open,true,Outlook / MFA
SYN-0364,2026-06-22,HR,Company VPN connects then immediately disconnects,Company VPN connects then immediately disconnects on macOS. I already restarted the device once.,,Medium,Open,true,VPN
SYN-0365,2026-07-22,Finance,Authenticator code is rejected,Authenticator code is rejected on Ubuntu. The issue happens repeatedly.,,Medium,Open,true,Outlook / MFA
SYN-0366,2026-05-10,Sales,Setup wizard reports missing dependency,Setup wizard reports missing dependency on Windows 10. It happens on my work laptop.,,High,Open,true,Software Installation
SYN-0367,2026-07-16,Academic,VPN disconnects every few minutes,VPN disconnects every few minutes on macOS. I already restarted the device once.,Updated the VPN client and re-created the connection profile.,High,Resolved,true,VPN
SYN-0368,2026-06-15,IT,Wi-Fi connected but browser says no internet,Wi-Fi connected but browser says no internet on Ubuntu. This started this morning.,,Low,Open,true,Wi-Fi / DNS
SYN-0369,2026-02-26,Operations,VPN authentication fails after Windows update,VPN authentication fails after Windows update on macOS. Please help because I need this for work.,Updated the VPN client and re-created the connection profile.,Medium,Resolved,true,VPN
SYN-0370,2026-01-07,Finance,Outlook cannot send email after password change,Outlook cannot send email after password change on macOS. Please help because I need this for work.,,Low,Open,true,Outlook / MFA
SYN-0371,2026-03-31,IT,Remote access VPN drops after login,Remote access VPN drops after login on Ubuntu. I already restarted the device once.,Updated the VPN client and re-created the connection profile.,High,Resolved,true,VPN
SYN-0372,2026-05-02,Operations,Remote computer is unavailable through RDP,Remote computer is unavailable through RDP on Ubuntu. It happens on my work laptop.,Enabled the approved RDP rule and verified the device was reachable.,Low,Resolved,true,Remote Desktop
SYN-0373,2026-07-27,Finance,Printer is online but jobs stay in queue,Printer is online but jobs stay in queue on macOS. No recent hardware changes were made.,Cleared the print queue and reinstalled the approved printer driver.,Low,Resolved,true,Printers
SYN-0374,2026-05-13,Sales,MFA approval never arrives on phone,MFA approval never arrives on phone on Windows 11. It happens on my work laptop.,Re-registered MFA and cleared cached Outlook credentials.,High,Resolved,true,Outlook / MFA
SYN-0375,2026-03-01,Academic,Approved software cannot be installed on laptop,Approved software cannot be installed on laptop on Windows 11. I already restarted the device once.,,High,Open,true,Software Installation
SYN-0376,2026-01-08,Operations,Approved software cannot be installed on laptop,Approved software cannot be installed on laptop on Ubuntu. Please help because I need this for work.,Used the approved installer with administrator permission.,Low,Resolved,true,Software Installation
SYN-0377,2026-03-13,Sales,Cannot sign in after password reset,Cannot sign in after password reset on Windows 10. The issue happens repeatedly.,Unlocked the account and forced a secure password reset.,Low,Resolved,true,Accounts / Passwords
SYN-0378,2026-02-20,Finance,Blue screen appears after installing an update,Blue screen appears after installing an update on macOS. No recent hardware changes were made.,,Medium,Open,true,Windows / Updates
SYN-0379,2026-04-10,Sales,Computer repeatedly restarts after Windows update,Computer repeatedly restarts after Windows update on Windows 10. It happens on my work laptop.,,Medium,Open,true,Windows / Updates
SYN-0380,2026-02-14,Sales,RDP connection times out from home network,RDP connection times out from home network on Windows 10. No recent hardware changes were made.,Enabled the approved RDP rule and verified the device was reachable.,Low,Resolved,true,Remote Desktop
SYN-0381,2026-03-03,Finance,Windows update failed and rolled back,Windows update failed and rolled back on Windows 11. It happens on my work laptop.,Installed pending driver updates and repaired Windows update components.,High,Resolved,true,Windows / Updates
SYN-0382,2026-04-10,Sales,Outlook profile fails to synchronize mail,Outlook profile fails to synchronize mail on Windows 11. The issue happens repeatedly.,,Medium,Open,true,Outlook / MFA
SYN-0383,2026-05-05,Sales,Software setup cannot continue because admin rights are required,Software setup cannot continue because admin rights are required on Windows 11. Please help because I need this for work.,Used the approved installer with administrator permission.,Medium,Resolved,true,Software Installation
SYN-0384,2026-03-22,Sales,MFA approval never arrives on phone,MFA approval never arrives on phone on Windows 10. It happens on my work laptop.,,Low,Open,true,Outlook / MFA
SYN-0385,2026-02-19,Sales,RDP session disconnects after login,RDP session disconnects after login on Ubuntu. Please help because I need this for work.,,High,Open,true,Remote Desktop
SYN-0386,2026-07-01,Operations,Remote Desktop shows credential error,Remote Desktop shows credential error on Windows 11. This started this morning.,,High,Open,true,Remote Desktop
SYN-0387,2026-03-16,IT,Wireless icon shows connected but websites do not load,Wireless icon shows connected but websites do not load on Windows 11. The issue happens repeatedly.,Restarted the network adapter and flushed the DNS cache.,Medium,Resolved,true,Wi-Fi / DNS
SYN-0388,2026-05-25,Sales,Authenticator code is rejected,Authenticator code is rejected on Windows 10. The issue happens repeatedly.,,Low,Open,true,Outlook / MFA
SYN-0389,2026-07-30,Sales,Printer shows offline although it is powered on,Printer shows offline although it is powered on on Windows 10. No recent hardware changes were made.,Cleared the print queue and reinstalled the approved printer driver.,Medium,Resolved,true,Printers
SYN-0390,2026-01-27,IT,Account says credentials are invalid,Account says credentials are invalid on Windows 10. Please help because I need this for work.,Unlocked the account and forced a secure password reset.,Medium,Resolved,true,Accounts / Passwords
SYN-0391,2026-04-23,HR,Windows update failed and rolled back,Windows update failed and rolled back on Windows 11. No recent hardware changes were made.,Installed pending driver updates and repaired Windows update components.,High,Resolved,true,Windows / Updates
SYN-0392,2026-06-11,HR,Computer repeatedly restarts after Windows update,Computer repeatedly restarts after Windows update on Windows 11. I already restarted the device once.,,Low,Open,true,Windows / Updates
SYN-0393,2026-03-31,Sales,Wi-Fi connected but browser says no internet,Wi-Fi connected but browser says no internet on Windows 11. It happens on my work laptop.,Restarted the network adapter and flushed the DNS cache.,High,Resolved,true,Wi-Fi / DNS
SYN-0394,2026-05-27,Sales,Windows cannot find network printer,Windows cannot find network printer on Windows 10. I already restarted the device once.,Cleared the print queue and reinstalled the approved printer driver.,Medium,Resolved,true,Printers
SYN-0395,2026-08-10,Academic,Internet unavailable although Wi-Fi is connected,Internet unavailable although Wi-Fi is connected on Windows 11. I already restarted the device once.,Restarted the network adapter and flushed the DNS cache.,Low,Resolved,true,Wi-Fi / DNS
SYN-0396,2026-07-14,Operations,Laptop is slow after Windows 11 update,Laptop is slow after Windows 11 update on Windows 11. The issue happens repeatedly.,,High,Open,true,Windows / Updates
SYN-0397,2026-04-07,Finance,Print queue is stuck and cannot be cleared,Print queue is stuck and cannot be cleared on Windows 10. Please help because I need this for work.,,High,Open,true,Printers
SYN-0398,2026-04-27,IT,Windows cannot find network printer,Windows cannot find network printer on Windows 10. No recent hardware changes were made.,,Low,Open,true,Printers
SYN-0399,2026-08-06,Sales,Remote computer is unavailable through RDP,Remote computer is unavailable through RDP on Ubuntu. I already restarted the device once.,Enabled the approved RDP rule and verified the device was reachable.,Medium,Resolved,true,Remote Desktop
SYN-0400,2026-03-10,IT,Account says credentials are invalid,Account says credentials are invalid on macOS. The issue happens repeatedly.,Unlocked the account and forced a secure password reset.,High,Resolved,true,Accounts / Passwords
SYN-0401,2026-08-07,IT,Outlook profile fails to synchronize mail,Outlook profile fails to synchronize mail on Windows 10. This started this morning.,,Low,Open,true,Outlook / MFA
SYN-0402,2026-02-01,Operations,Remote Desktop cannot connect to office PC,Remote Desktop cannot connect to office PC on Ubuntu. This started this morning.,Enabled the approved RDP rule and verified the device was reachable.,Medium,Resolved,true,Remote Desktop
SYN-0403,2026-08-14,HR,Cannot sign in after password reset,Cannot sign in after password reset on macOS. This started this morning.,Unlocked the account and forced a secure password reset.,High,Resolved,true,Accounts / Passwords
SYN-0404,2026-01-22,Academic,Blue screen appears after installing an update,Blue screen appears after installing an update on Windows 11. This started this morning.,Installed pending driver updates and repaired Windows update components.,Medium,Resolved,true,Windows / Updates
SYN-0405,2026-04-20,Academic,Office printer prints blank pages,Office printer prints blank pages on Windows 10. This started this morning.,Cleared the print queue and reinstalled the approved printer driver.,Low,Resolved,true,Printers
SYN-0406,2026-02-03,Sales,Remote Desktop cannot connect to office PC,Remote Desktop cannot connect to office PC on Ubuntu. This started this morning.,Enabled the approved RDP rule and verified the device was reachable.,Low,Resolved,true,Remote Desktop
SYN-0407,2026-08-09,Academic,Windows update failed and rolled back,Windows update failed and rolled back on Windows 11. Please help because I need this for work.,,Low,Open,true,Windows / Updates
SYN-0408,2026-01-23,Finance,Account says credentials are invalid,Account says credentials are invalid on macOS. It happens on my work laptop.,Unlocked the account and forced a secure password reset.,Medium,Resolved,true,Accounts / Passwords
SYN-0409,2026-07-18,Academic,Authenticator code is rejected,Authenticator code is rejected on Windows 11. This started this morning.,Re-registered MFA and cleared cached Outlook credentials.,High,Resolved,true,Outlook / MFA
SYN-0410,2026-06-16,Operations,Wi-Fi connected but browser says no internet,Wi-Fi connected but browser says no internet on macOS. No recent hardware changes were made.,Restarted the network adapter and flushed the DNS cache.,Low,Resolved,true,Wi-Fi / DNS
SYN-0411,2026-06-07,HR,Authenticator code is rejected,Authenticator code is rejected on Windows 10. This started this morning.,,Low,Open,true,Outlook / MFA
SYN-0412,2026-07-06,IT,VPN tunnel is unstable from home network,VPN tunnel is unstable from home network on Ubuntu. It happens on my work laptop.,,Low,Open,true,VPN
SYN-0413,2026-06-15,HR,Password expired and user cannot log in,Password expired and user cannot log in on macOS. No recent hardware changes were made.,Unlocked the account and forced a secure password reset.,Low,Resolved,true,Accounts / Passwords
SYN-0414,2026-05-13,Academic,Office printer prints blank pages,Office printer prints blank pages on Ubuntu. It happens on my work laptop.,Cleared the print queue and reinstalled the approved printer driver.,High,Resolved,true,Printers
SYN-0415,2026-05-07,Finance,Wireless icon shows connected but websites do not load,Wireless icon shows connected but websites do not load on Windows 11. Please help because I need this for work.,,High,Open,true,Wi-Fi / DNS
SYN-0416,2026-08-16,IT,VPN tunnel is unstable from home network,VPN tunnel is unstable from home network on macOS. I already restarted the device once.,Updated the VPN client and re-created the connection profile.,Medium,Resolved,true,VPN
SYN-0417,2026-05-20,Operations,Installer stops before completion,Installer stops before completion on Windows 10. This started this morning.,Used the approved installer with administrator permission.,High,Resolved,true,Software Installation
SYN-0418,2026-03-09,Finance,VPN disconnects every few minutes,VPN disconnects every few minutes on Windows 10. Please help because I need this for work.,Updated the VPN client and re-created the connection profile.,High,Resolved,true,VPN
SYN-0419,2026-07-16,Operations,Printer shows offline although it is powered on,Printer shows offline although it is powered on on Ubuntu. This started this morning.,,High,Open,true,Printers
SYN-0420,2026-01-22,Finance,Outlook cannot send email after password change,Outlook cannot send email after password change on Windows 11. I already restarted the device once.,Re-registered MFA and cleared cached Outlook credentials.,High,Resolved,true,Outlook / MFA
SYN-0421,2026-05-31,IT,Windows driver error after restart,Windows driver error after restart on Ubuntu. No recent hardware changes were made.,Installed pending driver updates and repaired Windows update components.,Low,Resolved,true,Windows / Updates
SYN-0422,2026-01-23,Finance,Wireless icon shows connected but websites do not load,Wireless icon shows connected but websites do not load on Ubuntu. The issue happens repeatedly.,,High,Open,true,Wi-Fi / DNS
SYN-0423,2026-06-20,Finance,Internet unavailable although Wi-Fi is connected,Internet unavailable although Wi-Fi is connected on Windows 10. No recent hardware changes were made.,Restarted the network adapter and flushed the DNS cache.,Low,Resolved,true,Wi-Fi / DNS
SYN-0424,2026-05-08,Sales,Wireless icon shows connected but websites do not load,Wireless icon shows connected but websites do not load on macOS. I already restarted the device once.,Restarted the network adapter and flushed the DNS cache.,Medium,Resolved,true,Wi-Fi / DNS
SYN-0425,2026-07-07,Finance,Outlook cannot send email after password change,Outlook cannot send email after password change on macOS. Please help because I need this for work.,Re-registered MFA and cleared cached Outlook credentials.,Medium,Resolved,true,Outlook / MFA
SYN-0426,2026-07-02,Operations,VPN authentication fails after Windows update,VPN authentication fails after Windows update on Ubuntu. The issue happens repeatedly.,Updated the VPN client and re-created the connection profile.,Medium,Resolved,true,VPN
SYN-0427,2026-08-08,IT,DNS error while connected to office Wi-Fi,DNS error while connected to office Wi-Fi on Windows 11. It happens on my work laptop.,Restarted the network adapter and flushed the DNS cache.,Low,Resolved,true,Wi-Fi / DNS
SYN-0428,2026-07-09,Finance,Remote access VPN drops after login,Remote access VPN drops after login on Windows 10. I already restarted the device once.,Updated the VPN client and re-created the connection profile.,Low,Resolved,true,VPN
SYN-0429,2026-04-09,HR,Remote computer is unavailable through RDP,Remote computer is unavailable through RDP on Windows 10. The issue happens repeatedly.,Enabled the approved RDP rule and verified the device was reachable.,High,Resolved,true,Remote Desktop
SYN-0430,2026-03-24,Operations,Software setup cannot continue because admin rights are required,Software setup cannot continue because admin rights are required on macOS. It happens on my work laptop.,Used the approved installer with administrator permission.,Low,Resolved,true,Software Installation
SYN-0431,2026-05-09,HR,Windows update failed and rolled back,Windows update failed and rolled back on Windows 11. The issue happens repeatedly.,Installed pending driver updates and repaired Windows update components.,Low,Resolved,true,Windows / Updates
SYN-0432,2026-08-13,IT,Application installation fails with permission error,Application installation fails with permission error on macOS. It happens on my work laptop.,,Low,Open,true,Software Installation
SYN-0433,2026-04-05,IT,Remote Desktop cannot connect to office PC,Remote Desktop cannot connect to office PC on macOS. No recent hardware changes were made.,Enabled the approved RDP rule and verified the device was reachable.,High,Resolved,true,Remote Desktop
SYN-0434,2026-04-05,HR,Account says credentials are invalid,Account says credentials are invalid on Windows 11. I already restarted the device once.,,Low,Open,true,Accounts / Passwords
SYN-0435,2026-03-01,Academic,Application installation fails with permission error,Application installation fails with permission error on Windows 10. It happens on my work laptop.,Used the approved installer with administrator permission.,Low,Resolved,true,Software Installation
SYN-0436,2026-01-27,Sales,Installer stops before completion,Installer stops before completion on Windows 11. Please help because I need this for work.,Used the approved installer with administrator permission.,Medium,Resolved,true,Software Installation
SYN-0437,2026-07-02,Finance,Wireless icon shows connected but websites do not load,Wireless icon shows connected but websites do not load on Windows 10. I already restarted the device once.,Restarted the network adapter and flushed the DNS cache.,High,Resolved,true,Wi-Fi / DNS
SYN-0438,2026-04-28,Sales,Installer stops before completion,Installer stops before completion on Windows 10. The issue happens repeatedly.,Used the approved installer with administrator permission.,Low,Resolved,true,Software Installation
SYN-0439,2026-06-01,Operations,Application installation fails with permission error,Application installation fails with permission error on Windows 11. I already restarted the device once.,Used the approved installer with administrator permission.,Medium,Resolved,true,Software Installation
SYN-0440,2026-08-26,Academic,Windows cannot find network printer,Windows cannot find network printer on macOS. It happens on my work laptop.,,Medium,Open,true,Printers
SYN-0441,2026-01-20,HR,Office printer prints blank pages,Office printer prints blank pages on Windows 10. I already restarted the device once.,Cleared the print queue and reinstalled the approved printer driver.,Low,Resolved,true,Printers
SYN-0442,2026-04-30,Operations,Authenticator code is rejected,Authenticator code is rejected on Windows 10. The issue happens repeatedly.,Re-registered MFA and cleared cached Outlook credentials.,Medium,Resolved,true,Outlook / MFA
SYN-0443,2026-03-20,IT,Account says credentials are invalid,Account says credentials are invalid on Windows 10. This started this morning.,,Low,Open,true,Accounts / Passwords
SYN-0444,2026-01-11,IT,Printer shows offline although it is powered on,Printer shows offline although it is powered on on Windows 11. This started this morning.,Cleared the print queue and reinstalled the approved printer driver.,High,Resolved,true,Printers
SYN-0445,2026-04-12,Academic,Password expired and user cannot log in,Password expired and user cannot log in on macOS. It happens on my work laptop.,Unlocked the account and forced a secure password reset.,Low,Resolved,true,Accounts / Passwords
SYN-0446,2026-08-07,Sales,DNS error while connected to office Wi-Fi,DNS error while connected to office Wi-Fi on Windows 11. This started this morning.,,Medium,Open,true,Wi-Fi / DNS
SYN-0447,2026-02-01,Finance,Remote access VPN drops after login,Remote access VPN drops after login on Windows 11. I already restarted the device once.,Updated the VPN client and re-created the connection profile.,Low,Resolved,true,VPN
SYN-0448,2026-06-25,Sales,Installer stops before completion,Installer stops before completion on macOS. This started this morning.,Used the approved installer with administrator permission.,Low,Resolved,true,Software Installation
SYN-0449,2026-08-20,HR,Remote access VPN drops after login,Remote access VPN drops after login on Windows 10. It happens on my work laptop.,,Low,Open,true,VPN
SYN-0450,2026-01-13,Sales,DNS error while connected to office Wi-Fi,DNS error while connected to office Wi-Fi on Ubuntu. No recent hardware changes were made.,Restarted the network adapter and flushed the DNS cache.,Medium,Resolved,true,Wi-Fi / DNS
SYN-0451,2026-04-08,HR,Remote Desktop cannot connect to office PC,Remote Desktop cannot connect to office PC on macOS. I already restarted the device once.,,Low,Open,true,Remote Desktop
SYN-0452,2026-04-25,Finance,Windows cannot find network printer,Windows cannot find network printer on Windows 11. No recent hardware changes were made.,Cleared the print queue and reinstalled the approved printer driver.,Medium,Resolved,true,Printers
SYN-0453,2026-08-14,Finance,Remote Desktop shows credential error,Remote Desktop shows credential error on Windows 10. It happens on my work laptop.,,Medium,Open,true,Remote Desktop
SYN-0454,2026-02-21,Academic,Authenticator code is rejected,Authenticator code is rejected on Windows 10. Please help because I need this for work.,Re-registered MFA and cleared cached Outlook credentials.,High,Resolved,true,Outlook / MFA
SYN-0455,2026-05-20,IT,Windows driver error after restart,Windows driver error after restart on macOS. Please help because I need this for work.,,Medium,Open,true,Windows / Updates
SYN-0456,2026-03-23,Finance,Outlook keeps asking for password,Outlook keeps asking for password on macOS. This started this morning.,Re-registered MFA and cleared cached Outlook credentials.,Medium,Resolved,true,Outlook / MFA
SYN-0457,2026-03-01,Finance,Computer repeatedly restarts after Windows update,Computer repeatedly restarts after Windows update on Windows 11. No recent hardware changes were made.,Installed pending driver updates and repaired Windows update components.,Low,Resolved,true,Windows / Updates
SYN-0458,2026-07-28,HR,Printer shows offline although it is powered on,Printer shows offline although it is powered on on Ubuntu. It happens on my work laptop.,Cleared the print queue and reinstalled the approved printer driver.,Low,Resolved,true,Printers
SYN-0459,2026-06-01,Academic,MFA approval never arrives on phone,MFA approval never arrives on phone on macOS. The issue happens repeatedly.,Re-registered MFA and cleared cached Outlook credentials.,Low,Resolved,true,Outlook / MFA
SYN-0460,2026-05-25,Sales,Computer repeatedly restarts after Windows update,Computer repeatedly restarts after Windows update on Windows 11. Please help because I need this for work.,Installed pending driver updates and repaired Windows update components.,High,Resolved,true,Windows / Updates
SYN-0461,2026-05-06,Finance,Office printer prints blank pages,Office printer prints blank pages on Windows 10. I already restarted the device once.,Cleared the print queue and reinstalled the approved printer driver.,High,Resolved,true,Printers
SYN-0462,2026-05-15,Finance,User account is locked after failed login attempts,User account is locked after failed login attempts on macOS. The issue happens repeatedly.,,Low,Open,true,Accounts / Passwords
SYN-0463,2026-07-03,IT,Outlook cannot send email after password change,Outlook cannot send email after password change on Windows 10. This started this morning.,Re-registered MFA and cleared cached Outlook credentials.,Low,Resolved,true,Outlook / MFA
SYN-0464,2026-08-05,Finance,Outlook keeps asking for password,Outlook keeps asking for password on macOS. No recent hardware changes were made.,Re-registered MFA and cleared cached Outlook credentials.,High,Resolved,true,Outlook / MFA
SYN-0465,2026-01-26,IT,Setup wizard reports missing dependency,Setup wizard reports missing dependency on macOS. I already restarted the device once.,Used the approved installer with administrator permission.,Low,Resolved,true,Software Installation
SYN-0466,2026-06-16,HR,Approved software cannot be installed on laptop,Approved software cannot be installed on laptop on macOS. I already restarted the device once.,Used the approved installer with administrator permission.,High,Resolved,true,Software Installation
SYN-0467,2026-03-20,HR,Authenticator code is rejected,Authenticator code is rejected on Windows 11. No recent hardware changes were made.,Re-registered MFA and cleared cached Outlook credentials.,Low,Resolved,true,Outlook / MFA
SYN-0468,2026-01-09,Sales,Setup wizard reports missing dependency,Setup wizard reports missing dependency on macOS. The issue happens repeatedly.,Used the approved installer with administrator permission.,Low,Resolved,true,Software Installation
SYN-0469,2026-02-06,Academic,Company VPN connects then immediately disconnects,Company VPN connects then immediately disconnects on Windows 10. I already restarted the device once.,Updated the VPN client and re-created the connection profile.,Medium,Resolved,true,VPN
SYN-0470,2026-06-12,Academic,Laptop is slow after Windows 11 update,Laptop is slow after Windows 11 update on macOS. Please help because I need this for work.,Installed pending driver updates and repaired Windows update components.,Low,Resolved,true,Windows / Updates
SYN-0471,2026-03-05,IT,Office printer prints blank pages,Office printer prints blank pages on macOS. This started this morning.,Cleared the print queue and reinstalled the approved printer driver.,High,Resolved,true,Printers
SYN-0472,2026-04-09,Academic,Laptop connected to Wi-Fi but no internet access,Laptop connected to Wi-Fi but no internet access on Ubuntu. I already restarted the device once.,,Medium,Open,true,Wi-Fi / DNS
SYN-0473,2026-03-31,Finance,Remote Desktop shows credential error,Remote Desktop shows credential error on Ubuntu. The issue happens repeatedly.,,High,Open,true,Remote Desktop
SYN-0474,2026-04-26,Finance,Cannot sign in after password reset,Cannot sign in after password reset on macOS. This started this morning.,Unlocked the account and forced a secure password reset.,Medium,Resolved,true,Accounts / Passwords
SYN-0475,2026-01-19,HR,Printer is online but jobs stay in queue,Printer is online but jobs stay in queue on Ubuntu. I already restarted the device once.,Cleared the print queue and reinstalled the approved printer driver.,High,Resolved,true,Printers
SYN-0476,2026-08-18,IT,VPN tunnel is unstable from home network,VPN tunnel is unstable from home network on Ubuntu. No recent hardware changes were made.,Updated the VPN client and re-created the connection profile.,Low,Resolved,true,VPN
SYN-0477,2026-06-05,HR,Software setup cannot continue because admin rights are required,Software setup cannot continue because admin rights are required on Windows 10. This started this morning.,,Medium,Open,true,Software Installation
SYN-0478,2026-04-15,Academic,Cannot sign in after password reset,Cannot sign in after password reset on macOS. It happens on my work laptop.,Unlocked the account and forced a secure password reset.,Low,Resolved,true,Accounts / Passwords
SYN-0479,2026-04-11,HR,VPN disconnects every few minutes,VPN disconnects every few minutes on Windows 10. It happens on my work laptop.,,Low,Open,true,VPN
SYN-0480,2026-03-17,HR,Application installation fails with permission error,Application installation fails with permission error on Windows 10. This started this morning.,,Low,Open,true,Software Installation
SYN-0481,2026-01-21,Finance,Outlook cannot send email after password change,Outlook cannot send email after password change on macOS. Please help because I need this for work.,,Medium,Open,true,Outlook / MFA
SYN-0482,2026-01-24,HR,Remote computer is unavailable through RDP,Remote computer is unavailable through RDP on macOS. Please help because I need this for work.,,Medium,Open,true,Remote Desktop
SYN-0483,2026-01-12,Operations,Authenticator code is rejected,Authenticator code is rejected on Ubuntu. It happens on my work laptop.,Re-registered MFA and cleared cached Outlook credentials.,Low,Resolved,true,Outlook / MFA
SYN-0484,2026-01-16,Academic,Printer shows offline although it is powered on,Printer shows offline although it is powered on on Windows 10. This started this morning.,Cleared the print queue and reinstalled the approved printer driver.,High,Resolved,true,Printers
SYN-0485,2026-04-16,Sales,Computer repeatedly restarts after Windows update,Computer repeatedly restarts after Windows update on Windows 10. Please help because I need this for work.,Installed pending driver updates and repaired Windows update components.,High,Resolved,true,Windows / Updates
SYN-0486,2026-06-25,Sales,Setup wizard reports missing dependency,Setup wizard reports missing dependency on Windows 11. Please help because I need this for work.,,Medium,Open,true,Software Installation
SYN-0487,2026-08-20,Sales,Company VPN connects then immediately disconnects,Company VPN connects then immediately disconnects on Windows 11. This started this morning.,Updated the VPN client and re-created the connection profile.,Medium,Resolved,true,VPN
SYN-0488,2026-02-24,HR,MFA approval never arrives on phone,MFA approval never arrives on phone on Windows 10. Please help because I need this for work.,Re-registered MFA and cleared cached Outlook credentials.,Low,Resolved,true,Outlook / MFA
SYN-0489,2026-07-30,Sales,Software setup cannot continue because admin rights are required,Software setup cannot continue because admin rights are required on macOS. It happens on my work laptop.,Used the approved installer with administrator permission.,High,Resolved,true,Software Installation
SYN-0490,2026-04-10,Sales,VPN disconnects every few minutes,VPN disconnects every few minutes on macOS. It happens on my work laptop.,,High,Open,true,VPN
SYN-0491,2026-07-21,Finance,Remote Desktop cannot connect to office PC,Remote Desktop cannot connect to office PC on Ubuntu. I already restarted the device once.,,Low,Open,true,Remote Desktop
SYN-0492,2026-05-25,IT,VPN disconnects every few minutes,VPN disconnects every few minutes on macOS. Please help because I need this for work.,Updated the VPN client and re-created the connection profile.,Medium,Resolved,true,VPN
SYN-0493,2026-05-27,Finance,Approved software cannot be installed on laptop,Approved software cannot be installed on laptop on Windows 11. It happens on my work laptop.,,Medium,Open,true,Software Installation
SYN-0494,2026-06-05,Finance,Outlook profile fails to synchronize mail,Outlook profile fails to synchronize mail on Ubuntu. It happens on my work laptop.,,High,Open,true,Outlook / MFA
SYN-0495,2026-07-10,IT,User account is locked after failed login attempts,User account is locked after failed login attempts on macOS. This started this morning.,,Medium,Open,true,Accounts / Passwords
SYN-0496,2026-03-13,Academic,Windows cannot find network printer,Windows cannot find network printer on Windows 10. I already restarted the device once.,,Low,Open,true,Printers
SYN-0497,2026-07-18,IT,Print queue is stuck and cannot be cleared,Print queue is stuck and cannot be cleared on Ubuntu. The issue happens repeatedly.,Cleared the print queue and reinstalled the approved printer driver.,High,Resolved,true,Printers
SYN-0498,2026-04-24,Operations,Remote access VPN drops after login,Remote access VPN drops after login on Ubuntu. The issue happens repeatedly.,Updated the VPN client and re-created the connection profile.,Medium,Resolved,true,VPN
SYN-0499,2026-07-22,Finance,Wi-Fi connected but browser says no internet,Wi-Fi connected but browser says no internet on macOS. No recent hardware changes were made.,Restarted the network adapter and flushed the DNS cache.,High,Resolved,true,Wi-Fi / DNS
SYN-0500,2026-07-19,HR,Software setup cannot continue because admin rights are required,Software setup cannot continue because admin rights are required on Windows 11. I already restarted the device once.,Used the approved installer with administrator permission.,Low,Resolved,true,Software Installation
